Employee_ID,Date_Time,Workload_Per_Day,Break_Frequency,Sleep_Hours,Physical_Activity,Caffeine_Intake,Stress_Level,Mood
E1045,1/12/2024,7.4,5,7.4,30.4,83.6,6,Neutral
E1014,1/15/2024,6,5,8.1,81.2,108.5,4,Happy
E1037,1/29/2024,6.1,3,6.4,19.5,241.3,5,Neutral
E1040,1/28/2024,7.1,5,6.2,30.2,196.2,6,Neutral
E1008,1/24/2024,6.1,5,8.1,59,136.4,4,Neutral
E1021,1/25/2024,11.7,1,5.2,14,104.6,9,Sad
E1017,1/12/2024,8.9,1,5.8,13.8,208.8,8,Sad
E1033,1/24/2024,10.8,2,5.2,11.4,165.6,8,Sad
E1038,1/7/2024,8.1,1,6,16.8,119.2,8,Sad
E1001,1/16/2024,7.6,4,8.1,52.2,184.7,6,Neutral
E1027,1/8/2024,11.5,1,5.1,15.2,132.4,6,Sad
E1047,1/1/2024,6.4,4,8.7,51,155.7,6,Neutral
E1002,1/15/2024,5.3,8,9,82.1,248.6,1,Happy
E1012,1/21/2024,6.7,5,9.4,77.5,144.9,3,Happy
E1032,1/8/2024,5.8,6,6.8,57.7,114.7,4,Happy
E1000,1/20/2024,6.5,5,8.8,90.2,137.9,1,Happy
E1005,1/26/2024,9.5,2,5.4,14.3,213.4,8,Sad
E1036,1/14/2024,8.2,5,6.8,22.8,161.4,6,Neutral
E1046,1/7/2024,11.3,2,5.6,17.2,190.1,10,Sad
E1010,1/23/2024,11.7,2,5.5,17.5,142.2,6,Sad
E1048,1/11/2024,5.4,6,7.4,59.9,188.6,2,Happy
E1046,1/2/2024,5.3,7,9.4,65.2,102.8,3,Happy
E1003,1/22/2024,9.6,1,5.2,18.1,130,10,Sad
E1034,1/3/2024,6.6,3,6.7,35.2,145.2,4,Neutral
E1012,1/7/2024,9.1,2,5.8,16.3,118.8,10,Sad
E1018,1/30/2024,9.5,1,5.9,10.7,123.1,9,Sad
E1022,1/28/2024,9.4,1,5.6,17.7,164.6,8,Sad
E1028,1/13/2024,5.4,5,7.1,83.9,150.2,1,Happy
E1021,1/21/2024,5.2,5,7.1,65.5,169.5,2,Happy
E1016,1/27/2024,11.4,2,6,15.5,130,9,Sad
E1009,1/11/2024,5.6,6,9.6,69.4,198.7,2,Happy
E1015,1/22/2024,10.4,1,5.6,14.6,176.4,7,Sad
E1014,1/13/2024,6.2,5,8.3,34.8,224.4,6,Neutral
E1029,1/23/2024,5.9,4,8.2,28.4,119.1,4,Neutral
E1004,1/11/2024,5.6,8,8.4,72.6,275.8,1,Happy
E1018,1/24/2024,6,4,6.3,38.3,54.6,5,Neutral
E1013,1/15/2024,11.3,2,5.5,16,0,6,Sad
E1028,1/22/2024,9,2,6,10.4,129.6,6,Sad
E1007,1/23/2024,7.8,5,7.5,43.2,202.5,4,Neutral
E1005,1/20/2024,7.9,4,7.6,22,119.3,6,Neutral
E1022,1/24/2024,6.7,8,9.7,57.5,121,4,Happy
E1030,1/14/2024,6.6,7,7.3,70.8,148.4,1,Happy
E1030,1/6/2024,6,5,8.2,43.6,119,5,Neutral
E1012,1/29/2024,7.7,4,6.6,20.7,179,6,Neutral
E1042,1/13/2024,6.5,3,6.2,56.5,217.6,4,Neutral
E1011,1/10/2024,11.7,2,5.8,18.4,162.5,7,Sad
E1002,1/19/2024,5.3,7,7.2,42.1,215.2,3,Happy
E1009,1/24/2024,7.7,5,7.2,41.1,166.9,5,Neutral
E1038,1/5/2024,8.6,1,5.5,17.7,129.6,10,Sad
E1031,1/5/2024,7.3,4,7.2,20.7,191,5,Neutral
E1042,1/23/2024,5.5,6,8.1,57.6,163.3,3,Happy
E1009,1/9/2024,6.3,5,8.5,22,134.4,5,Neutral
E1007,1/28/2024,5.3,8,9.1,86.7,99.6,4,Happy
E1030,1/18/2024,6.7,7,7.5,70.2,95.2,2,Happy
E1029,1/12/2024,8.2,1,6,13.4,192.7,10,Sad
E1045,1/10/2024,7.6,5,8.7,22.9,212.7,5,Neutral
E1039,1/16/2024,7.3,4,6.8,53.2,169,5,Neutral
E1047,1/30/2024,7.9,5,8.6,30.4,76.1,5,Neutral
E1026,1/23/2024,9.9,1,5.1,16.1,144.7,6,Sad
E1008,1/3/2024,6.9,3,6.3,56.6,133.7,5,Neutral
E1005,1/28/2024,7.3,4,8.6,36.7,200.9,4,Neutral
E1024,1/27/2024,6.3,7,9.6,55.2,185.6,2,Happy
E1025,1/25/2024,5,7,9.9,43.9,111.5,2,Happy
E1004,1/3/2024,5.9,7,9.1,88.9,283,3,Happy
E1018,1/27/2024,6.4,5,7.1,50.4,141.8,4,Neutral
E1049,1/2/2024,5.7,8,9.3,69.4,248.3,1,Happy
E1026,1/12/2024,7.7,4,8.5,48.4,157.8,5,Neutral
E1011,1/20/2024,6.4,5,8.1,38,194.2,4,Neutral
E1021,1/5/2024,6.5,4,8.7,40.7,99.6,5,Neutral
E1031,1/17/2024,8.1,2,5.8,13.5,170.5,9,Sad
E1033,1/13/2024,6.7,7,9.2,69.8,153.2,2,Happy
E1008,1/1/2024,5.5,8,8.4,64.2,160,3,Happy
E1009,1/25/2024,9.8,2,5.6,14.9,108.5,7,Sad
E1045,1/8/2024,6.5,7,9,42.9,180.2,1,Happy
E1000,1/10/2024,11.7,2,5.6,14.8,60.3,8,Sad
E1047,1/10/2024,7.5,5,8.5,31.1,79.8,6,Neutral
E1003,1/25/2024,6,8,9.2,72.9,195.7,2,Happy
E1001,1/19/2024,5.7,7,7.9,55.2,88.8,3,Happy
E1018,1/22/2024,8.8,1,5.5,18.7,124.4,9,Sad
E1031,1/8/2024,5.7,7,9.2,74.5,125.9,3,Happy
E1006,1/29/2024,7.4,4,7.7,55.8,140.4,5,Neutral
E1008,1/10/2024,6.4,5,9.8,42,69.8,1,Happy
E1026,1/19/2024,7.4,5,7.6,33.1,47.2,4,Neutral
E1026,1/4/2024,7.1,4,8.5,43.8,149.2,5,Neutral
E1040,1/14/2024,6.8,5,9.8,55.8,126,4,Happy
E1013,1/9/2024,5.7,8,8.8,57.8,169.1,3,Happy
E1039,1/5/2024,6.4,6,9,72,215.4,4,Happy
E1014,1/22/2024,5.1,6,9.6,83.6,149.8,1,Happy
E1004,1/19/2024,6.5,7,9.3,82.8,177.6,3,Happy
E1039,1/1/2024,10.6,1,5,18.8,79.5,8,Sad
E1015,1/28/2024,5.4,8,7.6,71.1,204.6,1,Happy
E1006,1/3/2024,5.7,7,9.2,69.3,142.4,2,Happy
E1026,1/7/2024,7,3,6.5,30.1,152.4,6,Neutral
E1042,1/29/2024,10.2,1,5.6,12.6,184.8,8,Sad
E1042,1/28/2024,11.8,1,5.4,16.3,178,8,Sad
E1021,1/3/2024,5.3,5,7.8,48.4,92.9,3,Happy
E1010,1/9/2024,5.3,6,8.5,85.3,119.2,3,Happy
E1040,1/10/2024,6.1,7,8.2,86.3,106.9,2,Happy
E1013,1/19/2024,7.5,3,7.2,50.4,107.2,6,Neutral
E1020,1/22/2024,12,1,5.8,13.5,54.7,7,Sad
E1035,1/17/2024,6.4,6,10,72.3,112.7,3,Happy
E1001,1/12/2024,9.8,1,5.5,19,354.3,7,Sad
E1019,1/30/2024,10.9,1,5.9,11.1,141.3,9,Sad
E1029,1/2/2024,10.3,1,5,17.6,175,6,Sad
E1036,1/5/2024,10.4,1,5.8,10.2,143.2,7,Sad
E1033,1/4/2024,7.3,5,5.8,27.6,215.7,4,Neutral
E1006,1/16/2024,9.3,1,5.4,17.5,186.7,8,Sad
E1043,1/14/2024,8.9,1,5.1,12.3,165.2,7,Sad
E1002,1/2/2024,6.2,8,7.1,66.2,136,3,Happy
E1047,1/21/2024,12,2,5.4,14.4,130,6,Sad
E1049,1/19/2024,8.9,2,5.1,18,61.9,6,Sad
E1015,1/21/2024,7.8,5,8.9,19.8,203.5,6,Neutral
E1015,1/14/2024,10,2,5.8,10.6,95.2,7,Sad
E1020,1/25/2024,7.1,6,8.3,81.9,146.2,2,Happy
E1028,1/11/2024,6.8,8,9.7,85.8,162.1,4,Happy
E1041,1/27/2024,8.2,1,5.6,15.1,122.3,7,Sad
E1025,1/16/2024,5.9,6,7.1,85.9,171.8,4,Happy
E1015,1/30/2024,6.4,8,8.4,67.3,155.4,2,Happy
E1042,1/15/2024,11.3,1,5.7,14.4,142.6,7,Sad
E1036,1/17/2024,5.8,5,8.4,57.4,29.1,4,Neutral
E1018,1/23/2024,7.1,4,7.4,59.3,243.7,5,Neutral
E1023,1/12/2024,7.1,4,8.4,53.3,122,5,Neutral
E1029,1/24/2024,7,3,8.1,44.2,173.3,4,Neutral
E1034,1/22/2024,11,1,6,17.7,151.9,7,Sad
E1027,1/25/2024,8.5,1,5.9,13.7,140.7,6,Sad
E1012,1/10/2024,6.3,5,6.2,45.9,176.2,4,Neutral
E1005,1/13/2024,7.2,3,6.6,32.4,202.8,4,Neutral
E1030,1/20/2024,6.7,6,9.8,52.1,208.7,2,Happy
E1045,1/29/2024,5.7,8,9.7,81.3,115.4,3,Happy
E1028,1/16/2024,10.8,1,5.7,10.8,164.6,8,Sad
E1018,1/2/2024,5.6,5,7.6,68.9,228.4,1,Happy
E1038,1/12/2024,7.2,3,7.1,36.2,189.7,4,Neutral
E1007,1/1/2024,8,2,5.8,10.3,124.5,10,Sad
E1045,1/3/2024,7.2,3,6.6,31.9,45.3,4,Neutral
E1019,1/2/2024,10.5,1,5.9,16.8,162.6,10,Sad
E1040,1/12/2024,11.5,2,5.4,16.8,186.4,8,Sad
E1047,1/11/2024,10,1,5.6,10.5,182.9,9,Sad
E1032,1/13/2024,4.8,8,8.9,50.5,148.3,2,Happy
E1046,1/28/2024,8.1,1,5.1,18.2,109,7,Sad
E1026,1/6/2024,6.2,7,7.1,49,153.9,4,Happy
E1010,1/12/2024,6.4,6,8.8,77.4,132.8,1,Happy
E1011,1/7/2024,6.6,5,7.6,80.9,88.9,3,Happy
E1029,1/16/2024,8.2,4,6.8,35.8,130.7,6,Neutral
E1044,1/30/2024,7.1,5,8,50.6,140.3,2,Happy
E1014,1/24/2024,8.2,1,5.2,11,137.1,8,Sad
E1039,1/6/2024,5.6,5,8.6,90.9,161.3,3,Happy
E1001,1/20/2024,5.5,5,9.2,46,170.6,3,Happy
E1014,1/23/2024,6.3,4,7.2,33.2,126.9,5,Neutral
E1027,1/13/2024,7.8,4,6.2,38.9,234.3,4,Neutral
E1012,1/18/2024,6.3,3,8.5,24,147.7,5,Neutral
E1024,1/23/2024,7,5,8.7,37.1,200.8,5,Neutral
E1006,1/10/2024,6.3,5,6.4,56,166.5,6,Neutral
E1003,1/21/2024,8.5,2,6,11.8,161.3,7,Sad
E1014,1/12/2024,10.6,2,5.8,10.4,174.1,10,Sad
E1005,1/10/2024,7.4,5,6.9,34.9,149.3,6,Neutral
E1045,1/15/2024,5.3,8,8.9,71.3,186,1,Happy
E1028,1/3/2024,6.3,3,6.1,23.4,153.2,5,Neutral
E1028,1/5/2024,6.9,5,7.2,48.1,85,6,Neutral
E1032,1/24/2024,6.1,8,9.4,75,215.3,2,Happy
E1036,1/19/2024,9,2,5.2,12.7,173.4,9,Sad
E1016,1/30/2024,11.3,1,5.3,19.8,260.8,9,Sad
E1014,1/1/2024,5.9,4,6.5,57.3,86.9,4,Neutral
E1034,1/5/2024,12.1,2,5.8,20.2,190.6,10,Sad
E1028,1/9/2024,12.1,1,5.8,20.5,150.9,6,Sad
E1016,1/4/2024,5.1,8,9.5,49,82.7,2,Happy
E1004,1/9/2024,5.3,6,7.4,70.4,138.7,3,Happy
E1025,1/17/2024,6.2,8,9.5,71.7,99.8,3,Happy
E1003,1/15/2024,10.3,1,5.3,16.3,115.6,8,Sad
E1013,1/26/2024,6.2,6,7.3,66.3,124.7,3,Happy
E1024,1/6/2024,5.5,5,8.6,83.5,117.9,2,Happy
E1030,1/15/2024,5,5,9.8,59.3,109.7,4,Happy
E1014,1/17/2024,11.1,1,5.7,12.4,38.1,10,Sad
E1003,1/19/2024,7.9,4,6.5,38.6,26.2,6,Neutral
E1025,1/2/2024,6.6,6,9.6,84.5,147.2,3,Happy
E1038,1/23/2024,6.6,8,9.3,75.8,28.3,4,Happy
E1037,1/2/2024,6.9,6,7.9,41.8,191.5,1,Happy
E1013,1/2/2024,5.3,7,10,40,159.7,1,Happy
E1016,1/3/2024,8.2,1,5.2,14.7,203.8,6,Sad
E1031,1/28/2024,5.7,8,7.8,58,145.4,1,Happy
E1048,1/6/2024,6.2,5,6,33,183.8,4,Neutral
E1017,1/5/2024,10.1,2,5.7,20.4,277.8,9,Sad
E1036,1/16/2024,6.5,3,8.5,59.8,204.2,6,Neutral
E1016,1/2/2024,11,1,5.1,15.7,92.7,10,Sad
E1033,1/11/2024,9.7,2,5.9,18.5,185.8,9,Sad
E1031,1/2/2024,8.5,2,5.2,16.6,117.9,9,Sad
E1005,1/23/2024,6.7,3,7.4,49.4,117.5,4,Neutral
E1027,1/7/2024,7.7,4,8.6,45,223.7,6,Neutral
E1030,1/9/2024,8.9,1,5.9,18,164.8,8,Sad
E1048,1/25/2024,7.1,5,8.5,87.4,179.5,4,Happy
E1039,1/25/2024,6.4,5,6.7,58.2,170.9,4,Neutral
E1046,1/26/2024,6.3,3,7.2,53,162.8,5,Neutral
E1019,1/17/2024,6.4,4,7.4,39.1,195.4,6,Neutral
E1031,1/29/2024,11.4,1,4.9,12.5,143.2,7,Sad
E1002,1/3/2024,6.3,4,6.9,34.6,216.8,5,Neutral
E1020,1/18/2024,10.8,1,5,14.6,158.6,6,Sad
E1018,1/9/2024,9.6,1,5,15,23,9,Sad
E1000,1/16/2024,11.9,1,6,13.1,49,9,Sad
E1022,1/26/2024,10.5,2,5.1,12.2,198.5,9,Sad
E1018,1/26/2024,6.5,6,8,51.7,128.4,4,Happy
E1016,1/25/2024,5.1,5,9.6,85.7,196.8,2,Happy
E1044,1/25/2024,7.5,4,8.5,22.8,127.4,6,Neutral
E1039,1/13/2024,5.8,8,9.3,78.3,141.8,2,Happy
E1024,1/9/2024,5.2,7,7.6,44.8,106.5,3,Happy
E1018,1/18/2024,8.2,1,5.3,12,157.1,6,Sad
E1026,1/28/2024,6.5,3,6,43.9,116.9,5,Neutral
E1027,1/16/2024,6,3,6.8,55.6,230.2,4,Neutral
E1022,1/14/2024,6.6,6,9.7,71.4,161.5,1,Happy
E1012,1/24/2024,5.9,7,8,71.2,130.4,4,Happy
E1033,1/1/2024,9.7,2,5.5,11.2,167.8,7,Sad
E1030,1/2/2024,7.8,3,8.8,24.7,145.2,6,Neutral
E1033,1/3/2024,6.8,5,7.2,39.8,115.5,6,Neutral
E1047,1/28/2024,5.9,7,8.2,61.1,49.2,1,Happy
E1015,1/10/2024,7.3,3,7.6,34,74,4,Neutral
E1025,1/26/2024,6.3,4,7.2,49.1,137.9,5,Neutral
E1021,1/20/2024,6.3,8,7.9,51.7,57.3,4,Happy
E1035,1/12/2024,6.3,3,9,53.4,98.3,6,Neutral
E1028,1/4/2024,7.2,3,7.9,47.8,59.3,6,Neutral
E1003,1/26/2024,7.5,3,6.5,44.2,205.6,4,Neutral
E1022,1/13/2024,7.4,4,6.8,33.9,115.6,6,Neutral
E1030,1/10/2024,10.1,1,5.9,16.4,135.1,7,Sad
E1018,1/28/2024,6,3,6.2,25.2,142.9,6,Neutral
E1039,1/28/2024,5.7,5,7.2,51.1,126.8,1,Happy
E1040,1/4/2024,6.8,8,9.2,88.4,203.5,3,Happy
E1005,1/16/2024,7.1,3,7.6,53.5,130.4,5,Neutral
E1042,1/10/2024,6.7,6,9.1,92.7,111.3,4,Happy
E1046,1/14/2024,11.8,2,5.2,12.1,188.4,10,Sad
E1039,1/17/2024,6.2,7,8.8,73.9,237,3,Happy
E1028,1/29/2024,7,4,6.4,58.4,115.9,6,Neutral
E1010,1/29/2024,6,5,8.5,88.6,98.6,2,Happy
E1018,1/6/2024,8,4,6.2,52.3,125,4,Neutral
E1010,1/2/2024,6.9,4,7.5,25.7,225.9,5,Neutral
E1026,1/10/2024,7.2,5,7.4,21.8,89.1,4,Neutral
E1036,1/22/2024,8.4,1,5.4,18.7,142.7,6,Sad
E1019,1/6/2024,7.9,3,8.6,44.5,134.7,4,Neutral
E1014,1/16/2024,9.5,1,4.9,19.2,146.6,7,Sad
E1004,1/28/2024,6.4,7,9.8,48.3,194.6,4,Happy
E1011,1/3/2024,11.5,1,5.8,16.5,214.6,8,Sad
E1015,1/19/2024,6.9,4,6.6,20,42,4,Neutral
E1042,1/20/2024,5.6,6,9.6,66.6,77.9,4,Happy
E1041,1/11/2024,8.1,3,8.4,22.3,89.8,6,Neutral
E1009,1/7/2024,9.8,2,5.3,9.8,191.7,10,Sad
E1001,1/1/2024,6.4,8,8.9,70.9,163.6,4,Happy
E1022,1/11/2024,6.7,8,7.3,78.5,122.3,1,Happy
E1025,1/20/2024,7.6,3,7.4,45.9,80.2,6,Neutral
E1038,1/25/2024,8.5,2,5.2,12.4,121.4,6,Sad
E1049,1/10/2024,7.6,4,8.5,27.1,217,4,Neutral
E1003,1/14/2024,6.9,6,9.8,45.4,188.8,2,Happy
E1035,1/3/2024,7.8,4,7.7,47.2,203.4,6,Neutral
E1049,1/24/2024,11.7,1,5.3,14.2,180.4,6,Sad
E1028,1/1/2024,8.3,2,5.1,14.7,154.3,8,Sad
E1042,1/1/2024,10.4,2,5,13.3,52.2,6,Sad
E1034,1/2/2024,6.1,3,7.3,41.2,154,6,Neutral
E1002,1/27/2024,5,7,7.3,87.8,217.1,1,Happy
E1024,1/10/2024,5.5,8,7.9,45.1,128.8,3,Happy
E1039,1/7/2024,5.5,5,9.7,53.3,75.8,1,Happy
E1014,1/27/2024,6.9,8,8.8,50.6,86.8,3,Happy
E1010,1/22/2024,7.4,3,9.2,28.6,137,6,Neutral
E1011,1/19/2024,6.2,5,6.6,50.8,101.6,4,Neutral
E1005,1/29/2024,6.5,4,7.7,31.6,213.8,6,Neutral
E1004,1/17/2024,5.1,8,9.1,55.8,87.5,1,Happy
E1049,1/9/2024,5.4,6,7.3,85.4,152.2,3,Happy
E1001,1/10/2024,6.1,3,7.9,39.3,92.2,5,Neutral
E1007,1/26/2024,11.8,2,5.6,11.5,96.6,7,Sad
E1039,1/2/2024,6.4,4,7.2,43.5,120.4,4,Neutral
E1017,1/1/2024,7.7,5,8.3,58.6,109.1,4,Neutral
E1042,1/4/2024,11.7,2,5.3,16,139.9,10,Sad
E1020,1/16/2024,5.5,8,9,68.1,139.8,4,Happy
E1044,1/19/2024,6.6,4,8,53.9,176.2,5,Neutral
E1012,1/2/2024,7.8,5,7.7,31.9,190.2,6,Neutral
E1024,1/1/2024,5.1,8,8.4,80.2,192.7,1,Happy
E1045,1/23/2024,7.7,5,7.8,59.4,151.2,4,Neutral
E1048,1/12/2024,7.1,4,8,29.6,270.4,6,Neutral
E1017,1/4/2024,9.5,2,5,14.3,138.3,8,Sad
E1016,1/17/2024,6.7,5,8.9,64.2,120.8,3,Happy
E1048,1/5/2024,7.1,5,7.3,27,142,5,Neutral
E1024,1/13/2024,6.5,5,7.1,22.3,206.5,6,Neutral
E1036,1/11/2024,6.7,4,8.2,20.5,208.5,6,Neutral
E1024,1/22/2024,10.1,1,5.3,11.5,151.6,10,Sad
E1031,1/21/2024,6.5,8,9.3,40.7,122.9,3,Happy
E1048,1/10/2024,5,6,7.3,49.5,79.3,1,Happy
E1015,1/7/2024,7.5,5,7.6,33.8,128.7,6,Neutral
E1011,1/13/2024,6.8,7,7.5,74.5,121.3,1,Happy
E1029,1/15/2024,5.2,8,8.8,46.2,106.8,4,Happy
E1046,1/17/2024,5.7,6,7.7,80,88.7,1,Happy
E1012,1/12/2024,5.4,6,8,46.3,154.3,3,Happy
E1035,1/1/2024,6.4,3,8.3,33.3,107.9,4,Neutral
E1003,1/7/2024,7.9,1,5,10.4,111.7,9,Sad
E1029,1/29/2024,9.3,1,5.7,17,191.2,9,Sad
E1034,1/10/2024,6.4,4,6.3,20.6,170.8,6,Neutral
E1049,1/29/2024,5.3,7,8.4,88.7,96,3,Happy
E1019,1/9/2024,7.7,5,7.1,32.1,177.2,6,Neutral
E1049,1/21/2024,11.1,1,5.1,16.7,96.2,7,Sad
E1013,1/8/2024,7.7,5,7.5,44.1,171.6,6,Neutral
E1018,1/25/2024,11.1,1,5.4,20.3,150.4,7,Sad
E1014,1/7/2024,7.2,5,7.7,39.1,127,6,Neutral
E1006,1/22/2024,6.4,7,9.3,59,118.6,2,Happy
E1039,1/20/2024,6.4,6,8.1,80.8,75.2,4,Happy
E1033,1/20/2024,8.9,2,5.1,13.1,138.1,7,Sad
E1022,1/27/2024,6.7,8,8.8,74.3,265.4,1,Happy
E1026,1/20/2024,6.7,6,7.3,83.1,172.2,4,Happy
E1032,1/2/2024,8,3,6.1,40.2,128.7,5,Neutral
E1017,1/11/2024,10.8,2,5.8,15.5,119.9,6,Sad
E1029,1/30/2024,11,2,5.9,18.7,91.2,8,Sad
E1047,1/24/2024,8.5,1,5.8,16,153.7,6,Sad
E1044,1/27/2024,6.4,8,8.7,81.9,178.2,3,Happy
E1017,1/15/2024,6,3,7.8,28.1,171.3,6,Neutral
E1046,1/25/2024,8.7,2,5.1,17,206.9,6,Sad
E1023,1/23/2024,7,3,7.7,32.2,200.8,4,Neutral
E1032,1/27/2024,7.9,2,5.6,13.3,125.2,10,Sad
E1019,1/23/2024,10.9,2,5.9,14.3,212.1,10,Sad
E1024,1/12/2024,11.5,2,5,18.6,260.9,7,Sad
E1012,1/8/2024,9.7,2,5,18.3,139.7,8,Sad
E1018,1/20/2024,6.1,3,8.6,31.2,167.4,5,Neutral
E1001,1/30/2024,6,4,7.1,48.1,176.6,5,Neutral
E1034,1/21/2024,7.8,3,6.8,49.1,273.2,5,Neutral
E1043,1/16/2024,8.5,2,5.1,15.1,113.7,8,Sad
E1043,1/30/2024,7.2,4,7.1,24.6,237.9,4,Neutral
E1028,1/19/2024,8.9,2,5.6,17.5,210.4,8,Sad
E1016,1/13/2024,8.6,1,5,16.5,191.6,9,Sad
E1012,1/14/2024,7.2,4,7.7,25.1,132.3,6,Neutral
E1011,1/1/2024,5.9,6,8.6,82.9,163.2,3,Happy
E1020,1/13/2024,9.5,2,4.9,12.2,73.2,6,Sad
E1035,1/16/2024,6.8,8,9.5,48.3,62.1,1,Happy
E1003,1/10/2024,8.5,2,6,13.4,81.8,10,Sad
E1048,1/3/2024,6.1,3,7.5,51.5,148.9,4,Neutral
E1020,1/29/2024,6.4,4,6.4,35.6,177.2,5,Neutral
E1040,1/21/2024,6.8,4,5.9,26,109.2,4,Neutral
E1029,1/6/2024,11.5,2,5.9,15.6,110.5,10,Sad
E1003,1/4/2024,7,5,6.9,46.4,122.2,4,Neutral
E1028,1/24/2024,7.6,3,7.1,33.7,133.6,4,Neutral
E1034,1/26/2024,7.7,3,8.1,52.2,197,5,Neutral
E1006,1/23/2024,6.9,8,7.3,70.7,233.8,4,Happy
E1036,1/1/2024,11.8,2,6,15.7,109.2,7,Sad
E1004,1/10/2024,7.6,5,8.7,27.1,185.3,4,Neutral
E1020,1/20/2024,8.6,1,5.6,17.1,182.1,6,Sad
E1037,1/15/2024,7.6,5,6.3,22.3,236.2,6,Neutral
E1045,1/5/2024,11.6,2,6.1,17.7,92.7,7,Sad
E1041,1/20/2024,11.5,1,5.5,14.8,203.7,7,Sad
E1014,1/2/2024,11.3,2,5.7,15.8,183.4,9,Sad
E1017,1/27/2024,10.2,2,5.1,17.4,167.1,8,Sad
E1005,1/25/2024,6.4,6,9.6,82,149.8,2,Happy
E1030,1/4/2024,5.9,6,10,52.5,105,3,Happy
E1035,1/26/2024,6,4,7.4,44.3,122,4,Neutral
E1022,1/2/2024,6.8,5,8.4,47.2,148,2,Happy
E1036,1/13/2024,7.2,3,6.8,35.1,52.8,4,Neutral
E1016,1/18/2024,5.9,7,8.8,47,54.1,1,Happy
E1009,1/27/2024,5.7,5,9.6,87.5,159.9,4,Happy
E1034,1/27/2024,6.3,8,8.1,41.7,167.6,3,Happy
E1026,1/27/2024,6.8,8,7.2,57.7,108.2,4,Happy
E1045,1/4/2024,7.8,4,8.5,35.3,120.9,6,Neutral
E1016,1/12/2024,11.8,1,5.6,14.8,165.9,7,Sad
E1001,1/28/2024,8,2,5.9,19.5,121.7,8,Sad
E1002,1/13/2024,6.6,8,7.9,61.9,185.4,1,Happy
E1046,1/10/2024,6.5,7,9,42.4,180.3,2,Happy
E1025,1/9/2024,8,3,6.1,37.5,147.4,4,Neutral
E1012,1/15/2024,7.3,4,7.4,55,215,6,Neutral
E1022,1/1/2024,6.7,5,8.6,27.1,206.8,6,Neutral
E1026,1/25/2024,9.1,2,5.8,13.1,114.9,8,Sad
E1028,1/28/2024,6.5,6,10,50.6,134,3,Happy
E1042,1/26/2024,9.7,2,5.8,12.4,129,10,Sad
E1008,1/8/2024,8.2,2,5,15.9,241.1,8,Sad
E1005,1/17/2024,6.2,8,8,74,148.5,3,Happy
E1004,1/29/2024,10.5,1,6.1,14.2,181.1,10,Sad
E1035,1/4/2024,8.1,3,7.2,51.8,182.8,6,Neutral
E1038,1/3/2024,6.3,5,8.3,50.2,168.6,4,Happy
E1001,1/27/2024,7.9,5,6.4,32.9,252,5,Neutral
E1034,1/11/2024,11.9,1,5.7,16.9,105.7,10,Sad
E1027,1/9/2024,9.8,2,5.9,16.4,215.3,8,Sad
E1020,1/10/2024,7.8,3,8.7,57.9,211.6,5,Neutral
E1017,1/25/2024,8.8,1,5.9,13.7,97.8,8,Sad
E1040,1/8/2024,7.2,3,7.6,40.4,189.8,4,Neutral
E1020,1/6/2024,5.8,5,7.1,61,151.2,1,Happy
E1026,1/11/2024,10.8,1,5.7,13.8,120.8,8,Sad
E1044,1/2/2024,6.8,4,6.5,59,156.5,6,Neutral
E1030,1/17/2024,5.8,5,8.3,46.3,139,3,Happy
E1023,1/16/2024,7.6,3,7.1,37.5,98.9,4,Neutral
E1007,1/30/2024,6.1,8,7.5,87.4,217.4,1,Happy
E1045,1/21/2024,5.4,6,8.7,58.6,150.3,3,Happy
E1027,1/14/2024,6.7,7,8.4,58.1,94.1,4,Happy
E1022,1/10/2024,6.5,5,6.4,47.7,140.4,5,Neutral
E1031,1/14/2024,6.4,3,7.4,22.4,156.3,4,Neutral
E1008,1/28/2024,5.5,7,9.5,87.5,153.5,1,Happy
E1035,1/28/2024,6.7,6,9.3,75.8,41.3,2,Happy
E1026,1/3/2024,7.7,5,7.8,43.1,76,6,Neutral
E1006,1/5/2024,6.4,5,6.7,58.6,213,6,Neutral
E1037,1/22/2024,10.5,2,5.3,11,115.2,6,Sad
E1022,1/30/2024,6.9,7,7.9,43.3,128.9,1,Happy
E1037,1/5/2024,9.2,1,6,11.9,99.8,10,Sad
E1023,1/17/2024,8.4,2,5,11.3,254.5,9,Sad
E1021,1/19/2024,5.8,7,7.2,72.8,143.7,1,Happy
E1031,1/30/2024,10.8,1,5.6,10.8,181.7,6,Sad
E1044,1/3/2024,10.9,1,5.2,16.2,185.6,7,Sad
E1034,1/20/2024,9.1,1,5.5,11.1,194.7,9,Sad
E1037,1/26/2024,10.6,2,5.2,19.1,128.6,9,Sad
E1032,1/28/2024,5.1,5,7.2,70.2,81.4,4,Happy
E1000,1/27/2024,7.6,4,8,51.3,103.8,6,Neutral
E1026,1/18/2024,6.6,4,6.9,54.5,112,4,Neutral
E1021,1/11/2024,11.6,1,5.5,13.5,101,8,Sad
E1026,1/2/2024,10.8,2,5.8,11,113.1,8,Sad
E1030,1/19/2024,6.4,5,8.9,69.2,155.1,4,Happy
E1012,1/6/2024,9.1,1,5.3,13.8,156,6,Sad
E1018,1/12/2024,11.8,1,5.2,20,176.4,7,Sad
E1013,1/11/2024,9.4,1,5.1,18.3,56,6,Sad
E1046,1/15/2024,7.5,3,6.8,32.2,222.9,5,Neutral
E1038,1/30/2024,6.8,5,6.7,53.6,119.1,5,Neutral
E1027,1/11/2024,6.5,3,6.1,35.3,145.4,6,Neutral
E1011,1/11/2024,8.5,1,5.7,18,170.1,8,Sad
E1015,1/6/2024,5.2,5,7.5,75.7,171.7,3,Happy
E1038,1/20/2024,5.1,5,8.7,42.9,117.2,4,Happy
E1023,1/25/2024,6.9,3,6.2,44,87.4,5,Neutral
E1037,1/12/2024,7.2,4,8.7,38.4,151.9,4,Neutral
E1037,1/21/2024,6.8,7,9.1,44.1,109.2,2,Happy
E1004,1/26/2024,7.1,5,7.7,47.4,108.6,4,Neutral
E1041,1/17/2024,7,4,6.8,54.7,143.7,5,Neutral
E1001,1/14/2024,6.1,5,8.9,59.4,156.2,3,Happy
E1048,1/2/2024,7.3,5,7.6,37.1,213.6,5,Neutral
E1004,1/12/2024,10.9,2,5.2,19.5,144.9,9,Sad
E1025,1/29/2024,9.1,1,5.3,10,129,6,Sad
E1029,1/14/2024,6.2,3,6.5,29.4,40.1,6,Neutral
E1025,1/18/2024,5.4,8,8.6,86,132.1,1,Happy
E1031,1/16/2024,6,3,7.4,36.6,148.7,6,Neutral
E1044,1/1/2024,6.5,6,8.5,54.2,143.1,2,Happy
E1034,1/9/2024,6.6,7,8,59.2,198.8,2,Happy
E1019,1/3/2024,7.8,3,8.3,51.4,164.2,4,Neutral
E1001,1/18/2024,10.3,2,5.2,17.5,189.9,7,Sad
E1042,1/19/2024,10.2,1,5.6,12.3,106.8,8,Sad
E1047,1/7/2024,9.3,2,5.8,19.7,128,10,Sad
E1002,1/30/2024,9.6,2,5.9,15.7,96.6,7,Sad
E1004,1/1/2024,7,6,8.5,45.8,159.5,2,Happy
E1018,1/8/2024,9.3,2,5,16.1,188.4,10,Sad
E1024,1/30/2024,10.4,1,5.2,15.6,76.4,9,Sad
E1009,1/2/2024,6.6,3,6.8,38.5,162.5,4,Neutral
E1013,1/13/2024,7.6,3,8.6,43,189.4,4,Neutral
E1028,1/8/2024,7,5,9.2,41.3,144.2,1,Happy
E1040,1/29/2024,5.6,5,7.2,85,180.8,3,Happy
E1008,1/12/2024,6.3,3,8.6,37.8,149.4,4,Neutral
E1029,1/10/2024,11.8,1,6,12.4,197.2,8,Sad
E1010,1/1/2024,6.6,8,7.3,52.9,146.7,2,Happy
E1047,1/4/2024,6.1,8,7.4,63.4,47,3,Happy
E1033,1/27/2024,5.7,8,8,63.4,200.1,1,Happy
E1039,1/8/2024,5.7,6,9.7,78,134.9,3,Happy
E1013,1/10/2024,5.8,7,8.2,68.1,112.8,1,Happy
E1001,1/4/2024,6.4,5,6.1,42.4,115.2,5,Neutral
E1041,1/25/2024,5.9,7,8.1,47,127.6,1,Happy
E1042,1/30/2024,11.8,1,5.4,10.1,165.9,6,Sad
E1049,1/30/2024,6.6,5,9.3,76.5,138.2,1,Happy
E1037,1/25/2024,7.6,3,8.6,35.3,88.3,5,Neutral
E1006,1/30/2024,7.5,5,7.7,26.7,227.5,5,Neutral
E1011,1/27/2024,6.9,8,9.8,74,159.8,2,Happy
E1005,1/30/2024,5.7,8,8.6,49.1,111.4,1,Happy
E1028,1/6/2024,9.9,2,5.5,19.6,152.6,7,Sad
E1014,1/10/2024,11.9,1,5.7,16.1,69.1,9,Sad
E1027,1/12/2024,10.9,1,5.6,18.5,165.2,10,Sad
E1000,1/28/2024,6.8,6,9.8,64.5,87.6,1,Happy
E1001,1/25/2024,6.2,5,7.5,87.5,102.7,4,Happy
E1032,1/21/2024,5.3,8,7.3,58.6,180.5,2,Happy
E1023,1/11/2024,9.8,1,5.9,14.1,121.7,6,Sad
E1036,1/9/2024,8.6,1,5.6,18.8,190.4,6,Sad
E1048,1/14/2024,5.6,6,7.6,63.1,106.3,3,Happy
E1010,1/21/2024,8.6,2,5.4,19.8,127.8,6,Sad
E1048,1/7/2024,5.3,8,8.5,81.9,120.5,4,Happy
E1031,1/6/2024,7.6,5,6.1,27.4,163.5,6,Neutral
E1044,1/17/2024,7,3,6.8,43.4,153.2,4,Neutral
E1045,1/13/2024,7,3,7.8,51.1,79.4,4,Neutral
E1001,1/17/2024,11,1,5.2,11.2,260.8,6,Sad
E1014,1/21/2024,6.8,4,7.6,29,101.8,5,Neutral
E1018,1/13/2024,10.5,1,5.4,11.4,160.9,8,Sad
E1012,1/23/2024,7.4,3,7.3,26.8,60.4,4,Neutral
E1009,1/17/2024,9.5,2,5.1,10.9,143.8,7,Sad
E1049,1/22/2024,6.8,8,8.4,57.2,84.3,2,Happy
E1009,1/30/2024,8.8,1,5.7,19.8,180.7,10,Sad
E1013,1/28/2024,7.3,5,6.2,23.8,224.1,6,Neutral
E1040,1/6/2024,6.4,8,7.3,42.1,118.8,1,Happy
E1001,1/22/2024,6.3,8,7.8,82.5,190.4,4,Happy
E1001,1/24/2024,5.8,7,6.9,71.5,157.7,3,Happy
E1023,1/3/2024,6.4,5,8.6,32.3,158.2,6,Neutral
E1021,1/10/2024,9.6,2,5.4,11.7,172,9,Sad
E1034,1/25/2024,8.4,1,5.2,17.6,292.9,10,Sad
E1013,1/24/2024,7,3,8.4,28.8,201.9,4,Neutral
E1000,1/23/2024,6.3,4,7.7,34.8,142.5,5,Neutral
E1007,1/11/2024,6,3,6.2,41,200.2,5,Neutral
E1049,1/8/2024,11.6,1,6,20.2,194,8,Sad
E1016,1/16/2024,6.9,3,9.2,49.4,188.7,6,Neutral
E1041,1/8/2024,8,3,8.2,41.2,214.4,6,Neutral
E1022,1/9/2024,6.4,3,7,20.6,99.6,6,Neutral
E1018,1/19/2024,11.9,1,5.6,14.4,151.2,7,Sad
E1027,1/24/2024,10.7,1,5.4,18.8,116.8,9,Sad
E1033,1/15/2024,6.2,7,8.2,78.6,271.1,4,Happy
E1027,1/5/2024,10,2,5,13.2,126.1,6,Sad
E1033,1/9/2024,7.5,5,6.7,20.1,123.1,6,Neutral
E1048,1/18/2024,7.5,5,6.9,55.1,151.9,6,Neutral
E1038,1/28/2024,6.3,6,7.2,62.7,118.8,1,Happy
E1022,1/18/2024,5.9,5,6.8,20.8,154.4,6,Neutral
E1004,1/23/2024,6.4,8,9.4,66.3,150.2,2,Happy
E1026,1/24/2024,8.8,1,5.3,15.9,145.8,9,Sad
E1000,1/5/2024,9.4,2,5.8,17.7,119.7,7,Sad
E1021,1/9/2024,7,3,6.9,43.5,72.4,6,Neutral
E1029,1/22/2024,7,7,7.6,73,180.8,1,Happy
E1021,1/1/2024,6.8,6,10.2,67.1,97.4,3,Happy
E1046,1/8/2024,6.5,8,8,60,87.7,1,Happy
E1008,1/15/2024,5.8,7,9.5,44.4,206.3,4,Happy
E1043,1/6/2024,5.3,8,8.2,85.5,166.1,2,Happy
E1001,1/13/2024,7.2,3,8.8,59.4,137,4,Neutral
E1008,1/16/2024,6.6,8,7,42.3,131,3,Happy
E1001,1/11/2024,7.1,4,6.1,58.8,81.2,4,Neutral
E1049,1/5/2024,6.3,3,7.8,39.3,166.5,6,Neutral
E1038,1/16/2024,9.4,1,6.1,12,184.8,6,Sad
E1036,1/24/2024,6.7,5,10,75.9,74.7,1,Happy
E1008,1/19/2024,6.9,8,9,64.2,154.2,1,Happy
E1043,1/25/2024,7.1,6,8.2,70.9,152.3,1,Happy
E1045,1/17/2024,9.2,1,5.4,19.5,165.3,6,Sad
E1018,1/14/2024,8.7,1,5.7,19.9,138.1,6,Sad
E1042,1/8/2024,9.5,1,5.3,15.4,147.9,8,Sad
E1047,1/23/2024,11,1,6,13.6,115.7,8,Sad
E1037,1/20/2024,7.5,3,7.7,31.4,197.5,6,Neutral
E1005,1/4/2024,9.5,1,5.3,13.6,240.6,7,Sad
E1046,1/4/2024,6.3,5,8.8,38.8,147.2,5,Neutral
E1027,1/21/2024,5.6,5,8.5,42.4,202.4,1,Happy
E1017,1/20/2024,10.2,1,5.6,20.1,197.1,9,Sad
E1037,1/14/2024,5.4,6,7.6,83.8,143.2,3,Happy
E1031,1/22/2024,6.3,4,7.5,32.2,187.6,6,Neutral
E1015,1/2/2024,8.6,1,5.6,10,163.4,9,Sad
E1024,1/7/2024,9.5,1,5.2,13.6,177.3,7,Sad
E1009,1/15/2024,6.2,7,9.8,66.3,98.1,2,Happy
E1033,1/17/2024,7,5,7.3,47.9,189.1,5,Neutral
E1011,1/30/2024,6.6,3,6.9,52.2,152.8,4,Neutral
E1035,1/11/2024,7.6,4,8.6,61.9,133.9,6,Neutral
E1021,1/28/2024,7,4,7.7,57.5,136.1,6,Neutral
E1020,1/11/2024,6.7,5,9.6,82.5,230.6,4,Happy
E1047,1/14/2024,5.4,7,7.2,62.4,178.8,3,Happy
E1039,1/22/2024,6.6,4,7.7,54,259,5,Neutral
E1017,1/2/2024,6.2,7,10.2,45.9,199.9,1,Happy
E1002,1/22/2024,6.7,5,9.6,42.2,174.5,3,Happy
E1032,1/4/2024,6.8,5,6.8,25.7,137,5,Neutral
E1016,1/1/2024,6.8,3,6.9,57,234.9,4,Neutral
E1031,1/13/2024,6,8,7.7,43.6,153.9,1,Happy
E1036,1/10/2024,8.8,2,5.2,12.8,81.2,8,Sad
E1047,1/26/2024,7.3,3,6.1,35.6,109.6,4,Neutral
E1015,1/1/2024,11,2,5.3,17.2,88.4,8,Sad
E1035,1/27/2024,7.5,4,6.7,37.1,192.6,5,Neutral
E1024,1/26/2024,8.1,4,6.9,24.5,32.8,6,Neutral
E1036,1/25/2024,11.2,2,5.1,11.2,105.8,10,Sad
E1004,1/15/2024,6.7,4,6.1,56.7,82,6,Neutral
E1014,1/3/2024,10.6,1,5.5,10.8,183,9,Sad
E1041,1/4/2024,6.6,5,9.4,50.9,171.8,4,Happy
E1010,1/25/2024,11,1,5.7,12.7,246,8,Sad
E1025,1/19/2024,12.2,1,5.5,15.5,228.8,9,Sad
E1045,1/25/2024,6.5,8,8.1,75.1,81.6,4,Happy
E1005,1/3/2024,5.8,5,9.4,61.6,209.4,2,Happy
E1048,1/19/2024,6.6,5,6.1,45.4,159.7,4,Neutral
E1024,1/24/2024,6.3,8,9.7,50.4,145.3,2,Happy
E1036,1/21/2024,8.4,2,5.4,14.3,124.5,8,Sad
E1030,1/22/2024,5,8,8.6,43.1,107.5,2,Happy
E1048,1/23/2024,8.7,2,5.2,11.1,93.5,7,Sad
E1043,1/29/2024,6.5,5,6.6,57.3,57,6,Neutral
E1027,1/20/2024,6.9,6,7.8,88.3,154.5,1,Happy
E1017,1/24/2024,6.3,8,9.2,62.3,175.5,3,Happy
E1036,1/6/2024,6.8,4,6.1,33.3,62.7,5,Neutral
E1021,1/14/2024,6.8,4,8.1,60.1,186.6,6,Neutral
E1003,1/2/2024,7.3,3,8.9,52.4,89.4,5,Neutral
E1006,1/19/2024,7.6,5,8.2,58.1,103.1,6,Neutral
E1043,1/19/2024,8.4,2,5.1,14.9,153.2,6,Sad
E1032,1/10/2024,7.2,3,6.8,40,173.2,6,Neutral
E1000,1/6/2024,11.8,1,5,16.4,133.2,6,Sad
E1010,1/27/2024,6.5,4,7.3,55.5,133.6,4,Neutral
E1049,1/16/2024,10,2,5.7,12.7,73.5,7,Sad
E1038,1/17/2024,5.5,8,7.5,85.8,139.8,1,Happy
E1041,1/22/2024,10.4,2,5.1,15,132.4,10,Sad
E1009,1/26/2024,5.6,8,10,39.6,127.8,4,Happy
E1046,1/16/2024,7.4,4,7.9,40.2,50.9,6,Neutral
E1005,1/19/2024,9.7,2,5.3,11.4,164.5,7,Sad
E1031,1/9/2024,10.1,1,5.5,10.2,137.5,6,Sad
E1045,1/19/2024,6.5,8,7.2,93.5,267.5,3,Happy
E1014,1/30/2024,5.3,7,10,41.8,197.4,4,Happy
E1002,1/24/2024,10.1,2,5.4,20.3,154.4,7,Sad
E1033,1/16/2024,5,8,7.8,54.5,151,4,Happy
E1019,1/7/2024,11,2,5.5,17.5,12.6,7,Sad
E1017,1/18/2024,6.2,8,7,87.5,168.4,1,Happy
E1039,1/11/2024,7.2,3,6.8,38,106.5,5,Neutral
E1021,1/15/2024,6.5,5,8.7,29,163,4,Neutral
E1011,1/4/2024,6,6,9.2,59.1,172.9,4,Happy
E1030,1/8/2024,6.2,7,7.1,52.6,182.2,4,Happy
E1016,1/5/2024,10,1,5.1,12,75.8,6,Sad
E1009,1/21/2024,10.3,2,5.7,12.6,175.2,7,Sad
E1004,1/2/2024,7.6,4,8.6,35.9,220.2,5,Neutral
E1048,1/17/2024,6,4,7.5,56.4,212.4,4,Neutral
E1011,1/8/2024,9,1,5.7,10.6,137.8,6,Sad
E1043,1/10/2024,9,1,5.4,17.6,134.4,6,Sad
E1011,1/25/2024,5.7,6,8.4,69.6,112.5,3,Happy
E1043,1/11/2024,7.3,4,9.2,41.9,198.4,6,Neutral
E1021,1/22/2024,10.6,2,5.6,10.8,223.7,7,Sad
E1006,1/28/2024,7.8,5,7.4,34.4,211.9,5,Neutral
E1015,1/9/2024,11.7,1,5.9,17.3,108.7,10,Sad
E1006,1/2/2024,6,3,8.6,50.5,257.4,6,Neutral
E1007,1/6/2024,5.3,6,8.3,61.7,190.6,3,Happy
E1028,1/20/2024,9.9,2,5.7,19.2,107.7,9,Sad
E1003,1/20/2024,6.4,5,8.6,48.8,119.2,3,Happy
E1045,1/30/2024,6.7,3,6.5,22.6,75.2,4,Neutral
E1030,1/25/2024,5.4,8,7.4,62.3,169.3,3,Happy
E1006,1/7/2024,7.7,4,8.5,30.8,173.9,5,Neutral
E1007,1/8/2024,10,2,5.5,19.2,139.4,10,Sad
E1014,1/5/2024,6.3,6,9.4,57.5,153,3,Happy
E1001,1/5/2024,5.7,7,7.8,50.8,160.6,2,Happy
E1031,1/24/2024,12.2,1,5.5,14.4,190.4,10,Sad
E1048,1/22/2024,7.1,5,6.9,35.3,101.9,4,Neutral
E1008,1/22/2024,11.6,2,5.8,15.4,174.1,8,Sad
E1008,1/30/2024,6.5,5,7.9,54.4,138.4,4,Happy
E1002,1/4/2024,5.1,7,7.2,43.4,144.4,2,Happy
E1018,1/29/2024,10.9,1,5.8,16.3,163.9,7,Sad
E1019,1/1/2024,11.6,1,5.2,11.8,209.4,9,Sad
E1021,1/16/2024,6.4,6,7.6,75.2,152.1,4,Happy
E1013,1/27/2024,6,6,8.5,61.2,119,3,Happy
E1043,1/7/2024,11.8,1,5.6,15.4,187,6,Sad
E1039,1/21/2024,6.9,4,7.7,53.2,177.8,4,Neutral
E1035,1/10/2024,5.3,5,8.1,80.5,167.4,3,Happy
E1035,1/23/2024,5.8,6,7.8,66.2,142.7,4,Happy
E1001,1/2/2024,7.8,3,8.5,39.2,186.5,4,Neutral
E1048,1/29/2024,7.1,4,6.4,55.8,129.2,4,Neutral
E1041,1/10/2024,7.5,5,7.8,26.9,135.8,5,Neutral
E1044,1/16/2024,9.8,1,5.1,16.3,118.9,6,Sad
E1007,1/14/2024,7,5,7.3,49.8,200.3,6,Neutral
E1035,1/22/2024,9.2,1,5.8,19.8,138,7,Sad
E1040,1/13/2024,7.2,3,7.6,54,165.3,6,Neutral
E1044,1/7/2024,10.4,2,5.9,15.2,113,8,Sad
E1022,1/25/2024,6.9,8,7.9,85.5,61.6,3,Happy
E1023,1/20/2024,7,6,9.5,45.5,153.9,2,Happy
E1042,1/2/2024,6,5,7.1,22.1,154.9,5,Neutral
E1029,1/18/2024,7.8,5,6.2,32.3,172.9,5,Neutral
E1006,1/6/2024,10.6,2,5.5,10,145.2,8,Sad
E1013,1/17/2024,5.1,5,9.8,58.6,208.5,4,Happy
E1022,1/20/2024,7.8,4,8.6,41.9,131.7,6,Neutral
E1027,1/17/2024,7.4,4,6.3,53.2,144.5,6,Neutral
E1027,1/22/2024,11.7,2,5.4,13.9,153.7,8,Sad
E1001,1/29/2024,5.4,5,7.9,85.3,170.9,4,Happy
E1032,1/9/2024,5.1,8,8.2,83.4,210.1,4,Happy
E1002,1/8/2024,6.4,5,8,58.3,125.1,4,Neutral
E1006,1/8/2024,5.9,7,8.2,89.3,123.2,4,Happy
E1031,1/20/2024,6.8,5,8.9,33.4,149.5,4,Neutral
E1006,1/20/2024,6.9,7,8.4,41.6,175.2,1,Happy
E1015,1/24/2024,6.3,5,9.2,70.2,209.3,2,Happy
E1015,1/20/2024,8.6,1,5.6,12.6,131.4,7,Sad
E1027,1/28/2024,9.9,1,5.4,11.5,149.6,10,Sad
E1023,1/27/2024,7.2,3,7.6,40.3,150.3,6,Neutral
E1015,1/11/2024,5.3,7,9.5,82.1,255.8,1,Happy
E1031,1/7/2024,10.9,1,5.4,18.6,94.4,10,Sad
E1033,1/7/2024,9,1,5.2,11.1,177.2,7,Sad
E1038,1/29/2024,11.3,2,5.1,14.6,184.3,10,Sad
E1027,1/29/2024,5.2,5,9.5,85.2,30.6,3,Happy
E1036,1/20/2024,10,1,5.6,15.9,223.9,6,Sad
E1021,1/4/2024,7.9,5,8.1,31.8,131.1,6,Neutral
E1045,1/27/2024,6.2,7,9.1,43.8,157,3,Happy
E1032,1/26/2024,6.9,3,8.9,40.2,141.3,6,Neutral
E1049,1/12/2024,8.1,2,5.6,10.1,208.1,6,Sad
E1019,1/27/2024,8.7,1,5.9,11.6,66.8,9,Sad
E1040,1/9/2024,8.6,1,5.2,13.7,153.5,8,Sad
E1016,1/9/2024,6.9,5,9.6,84.3,118.8,3,Happy
E1043,1/27/2024,5.2,5,8.8,73.7,232.7,4,Happy
E1006,1/15/2024,9.2,1,5.6,14.9,127.3,6,Sad
E1021,1/18/2024,11.3,2,5.8,12.5,195.3,6,Sad
E1018,1/4/2024,7.2,5,7,53,158.2,6,Neutral
E1022,1/15/2024,9.9,2,5.6,17.1,68.3,8,Sad
E1025,1/11/2024,5.5,8,8.2,53.8,106.5,4,Happy
E1036,1/27/2024,6.2,3,6.9,46.3,143.4,4,Neutral
E1000,1/14/2024,6.8,6,9.4,71.6,120.2,3,Happy
E1028,1/21/2024,8.3,1,5.6,17.9,79.3,8,Sad
E1028,1/26/2024,11.2,1,5.1,11.8,132,7,Sad
E1038,1/24/2024,7,8,9,76.8,136.4,4,Happy
E1026,1/1/2024,6.2,4,7.7,30.6,233,4,Neutral
E1009,1/28/2024,5.5,5,7.6,40.9,209.9,3,Happy
E1044,1/29/2024,7.1,4,7.4,38.7,101.6,6,Neutral
E1037,1/13/2024,10.4,2,5,11.8,126.8,10,Sad
E1004,1/24/2024,9.9,2,5.8,11.6,150.2,6,Sad
E1023,1/24/2024,6,5,8.2,87.8,192.4,3,Happy
E1039,1/14/2024,6.4,5,7.3,35,92.8,6,Neutral
E1042,1/7/2024,9,2,5.8,16.4,143.5,7,Sad
E1029,1/9/2024,6,6,9.7,74.6,191.7,2,Happy
E1039,1/9/2024,6.5,8,7.7,57,179.8,2,Happy
E1047,1/27/2024,7.6,5,6.2,57,152.4,4,Neutral
E1031,1/26/2024,10,2,5.8,10.2,0,9,Sad
E1025,1/15/2024,6.1,6,10.1,74.6,118.3,1,Happy
E1026,1/9/2024,6.9,4,6.4,27.2,131.3,4,Neutral
E1005,1/11/2024,4.9,7,9.6,76.2,132.1,1,Happy
E1013,1/14/2024,7.8,3,6.4,30.9,88.6,5,Neutral
E1016,1/21/2024,6.5,6,8.4,55.6,98.5,2,Happy
E1048,1/8/2024,7.3,4,7.2,46.5,102,5,Neutral
E1043,1/15/2024,9.2,2,5.2,19.2,205.6,8,Sad
E1022,1/12/2024,7,3,8.2,27.9,101.1,5,Neutral
E1040,1/11/2024,6.5,5,6.7,54,168.4,4,Neutral
E1020,1/17/2024,11.1,1,5.6,19.7,144.1,9,Sad
E1015,1/12/2024,8.7,1,5.2,11.6,197,7,Sad
E1049,1/1/2024,8.8,2,5.5,15.6,217.8,9,Sad
E1041,1/6/2024,10.8,1,5.6,19,197.5,10,Sad
E1000,1/29/2024,5.9,5,7.5,70.1,157.4,4,Happy
E1019,1/5/2024,5.9,8,7.2,46,149.8,3,Happy
E1016,1/24/2024,6.5,5,9.6,46.5,107.8,1,Happy
E1005,1/15/2024,6.4,5,6.5,27.1,128.2,5,Neutral
E1018,1/5/2024,6.2,3,7.8,31.4,245.2,5,Neutral
E1025,1/28/2024,6.8,4,6.7,22.3,195.9,6,Neutral
E1039,1/30/2024,7.9,5,8.7,49.6,88.2,4,Neutral
E1040,1/5/2024,7.1,5,8.2,32,133.5,6,Neutral
E1043,1/24/2024,7.4,3,6.6,30.2,216.6,4,Neutral
E1021,1/12/2024,7.5,5,6.7,54.4,170.5,4,Neutral
E1013,1/20/2024,5.2,6,9.1,74.6,157.4,3,Happy
E1043,1/21/2024,6.6,5,7.1,27.4,138.1,4,Neutral
E1031,1/11/2024,7.4,5,8.4,45.9,177.6,6,Neutral
E1039,1/24/2024,8,3,7.9,37.4,115.8,4,Neutral
E1042,1/16/2024,6,3,7.8,25.9,158.5,5,Neutral
E1026,1/15/2024,7,4,8.3,60,163.2,4,Neutral
E1002,1/17/2024,7.4,5,9,31.7,108,6,Neutral
E1018,1/17/2024,7.9,4,8.6,34.1,120.9,4,Neutral
E1041,1/19/2024,8.2,2,5,10.9,121.2,9,Sad
E1008,1/25/2024,6,4,6.5,27.6,153.4,5,Neutral
E1025,1/22/2024,11,1,5.7,11,140.6,10,Sad
E1020,1/8/2024,5.1,5,7.4,45.7,139.8,4,Happy
E1047,1/5/2024,12.1,2,5.7,10.6,189.4,8,Sad
E1025,1/10/2024,9.4,1,5.3,11,100.2,9,Sad
E1021,1/23/2024,6,5,7.5,80.3,186.8,2,Happy
E1038,1/2/2024,6,3,6.1,22.7,247.6,4,Neutral
E1014,1/9/2024,11.5,2,5.7,13.1,141.8,10,Sad
E1033,1/29/2024,6.7,5,8.3,55.7,148.4,5,Neutral
E1012,1/20/2024,5.8,6,8.6,44.4,135.3,1,Happy
E1039,1/4/2024,6.4,4,6.2,53.3,130.2,5,Neutral
E1003,1/9/2024,8.4,3,7.2,24.1,226.9,5,Neutral
E1021,1/7/2024,8.2,1,5.6,18.4,109.4,8,Sad
E1017,1/28/2024,6,6,7.2,44,183.4,2,Happy
E1043,1/9/2024,5.2,8,7.6,80.6,96.2,1,Happy
E1012,1/30/2024,6,8,9.3,48.7,151.1,1,Happy
E1006,1/27/2024,6,7,9.5,57.3,127.1,4,Happy
E1040,1/18/2024,9.9,1,5.3,12.9,144.8,6,Sad
E1033,1/25/2024,6.2,5,8.4,75,156.8,4,Happy
E1010,1/8/2024,9.8,2,5.7,12.7,6.2,6,Sad
E1019,1/13/2024,10.6,2,5.7,19,184.3,7,Sad
E1019,1/21/2024,11,2,5.2,15.3,103.4,9,Sad
E1020,1/9/2024,9.1,1,5.9,17.6,179.8,7,Sad
E1016,1/11/2024,8.9,2,5.3,19.6,183.8,9,Sad
E1012,1/11/2024,7.7,5,8.1,51.8,208.3,6,Neutral
E1008,1/27/2024,7,6,7.6,43,153.6,2,Happy
E1049,1/26/2024,5.9,8,9,80.3,126.7,2,Happy
E1041,1/28/2024,6.8,4,8.8,29.8,132.9,6,Neutral
E1024,1/20/2024,5.8,7,9.4,48.4,138.2,4,Happy
E1032,1/25/2024,6.2,4,8.3,56.3,173.9,6,Neutral
E1024,1/18/2024,5.1,7,9,62.8,140,3,Happy
E1000,1/2/2024,5.2,6,8.6,42.5,179.2,3,Happy
E1039,1/19/2024,11.6,2,5.9,10.6,164.5,8,Sad
E1006,1/11/2024,5.9,8,7.5,78.4,149.7,1,Happy
E1045,1/26/2024,7,5,10.1,63.5,69.3,1,Happy
E1013,1/5/2024,9.1,1,5,13.9,151.9,10,Sad
E1025,1/12/2024,5.6,5,7.2,57,185.5,4,Happy
E1044,1/20/2024,7,5,8.6,39.3,107.2,4,Neutral
E1031,1/19/2024,6.1,4,7.2,46.6,236.8,5,Neutral
E1026,1/16/2024,11.9,2,5.5,10.5,100.6,9,Sad
E1029,1/5/2024,5.8,6,9.1,48,197.1,3,Happy
E1024,1/8/2024,6.7,8,7.5,71.4,168.7,2,Happy
E1010,1/10/2024,9.6,2,5.6,16,212,7,Sad
E1000,2024-03-01 00:00:00,8.6,1,5.1,16.9,62.2,9,Sad
E1005,1/9/2024,5.6,8,9.8,77.1,95.1,1,Happy
E1018,1/3/2024,7.6,5,6.2,28.5,167,5,Neutral
E1027,1/10/2024,6,3,8.9,28.9,154.8,6,Neutral
E1037,1/6/2024,5.1,7,8.2,67.3,151,2,Happy
E1000,1/15/2024,9.7,2,5.7,15.9,19.4,9,Sad
E1016,1/14/2024,6,4,9.2,24.9,137.9,4,Neutral
E1004,1/22/2024,8,1,6,17.4,230.8,6,Sad
E1003,1/18/2024,7.3,3,8.1,51.3,119.4,5,Neutral
E1024,1/11/2024,6.2,5,8.1,50.9,155,3,Happy
E1013,1/21/2024,5.4,7,10.1,72.3,82.8,1,Happy
E1033,1/12/2024,6.2,4,8.3,21.8,137.9,4,Neutral
E1007,1/27/2024,6.4,4,6.2,38.1,99.5,5,Neutral
E1043,1/2/2024,6.7,5,8.3,29.8,147.2,6,Neutral
E1008,1/21/2024,10.6,1,5.4,11,184,9,Sad
E1003,1/8/2024,6.7,8,9.5,46,193.3,1,Happy
E1003,1/17/2024,10.6,1,5.1,10.7,114.9,8,Sad
E1044,1/22/2024,7.6,4,6.9,40.6,137.8,6,Neutral
E1041,1/21/2024,9.3,2,5.8,17.2,129.5,9,Sad
E1003,1/30/2024,7.6,3,6.8,56.5,172.6,4,Neutral
E1032,1/23/2024,6,3,6.3,57.7,84.3,5,Neutral
E1041,1/29/2024,6.9,5,7.1,20.9,90.8,6,Neutral
E1005,1/7/2024,6.9,3,6.6,42.4,174.5,5,Neutral
E1026,1/21/2024,8.8,1,5.8,14.3,79.4,7,Sad
E1032,1/30/2024,6.4,7,7.9,79.4,177.7,4,Happy
E1020,1/27/2024,7.1,4,8.6,45.2,158.2,4,Neutral
E1019,1/20/2024,6.8,8,9.9,62.6,67,3,Happy
E1005,1/6/2024,5.8,8,9.1,52.7,178,4,Happy
E1036,1/8/2024,7.2,4,6.2,55.2,143.7,5,Neutral
E1028,1/12/2024,6.2,8,8.4,41.2,104.2,1,Happy
E1019,1/11/2024,6.4,4,7,44.1,71.2,5,Neutral
E1006,1/9/2024,6.2,3,8.7,52.4,241.2,4,Neutral
E1049,1/11/2024,8.6,2,5.8,14.9,108.7,10,Sad
E1025,1/24/2024,6.9,3,7.6,29.3,205.5,5,Neutral
E1013,1/3/2024,8.8,2,6,19.1,174.8,8,Sad
E1009,1/22/2024,6.9,5,9.1,41.6,180.8,6,Neutral
E1011,1/12/2024,7.2,5,7.1,36.3,101.9,6,Neutral
E1032,1/19/2024,5.8,5,8.2,83.9,97.8,1,Happy
E1007,1/21/2024,6.8,7,7.2,41.4,229.8,2,Happy
E1011,1/21/2024,8.8,1,5.4,20.3,174.7,8,Sad
E1025,1/7/2024,6.6,5,6.6,39.9,179.8,6,Neutral
E1049,1/14/2024,11.2,1,5.5,19.5,134.9,10,Sad
E1016,1/23/2024,6.2,5,9.6,81.9,145.3,3,Happy
E1008,1/18/2024,6.5,5,7.2,63.4,41.9,2,Happy
E1010,1/13/2024,7.7,3,6.5,24.2,180.6,4,Neutral
E1037,1/17/2024,7.8,3,8,28.5,112.7,5,Neutral
E1023,1/1/2024,6.6,6,9.5,69.3,3.5,3,Happy
E1003,1/3/2024,6.2,8,9.2,71,143.8,2,Happy
E1036,1/29/2024,6.4,5,7.2,24.1,129.1,6,Neutral
E1031,1/12/2024,9.5,1,5,14.4,146.8,7,Sad
E1002,1/28/2024,5.8,5,9.2,56.2,150,3,Happy
E1009,1/14/2024,6.6,4,6.7,30.6,173.6,4,Neutral
E1001,1/15/2024,6.9,4,7.4,25.4,126.8,6,Neutral
E1047,1/13/2024,6.4,4,8.6,54.1,202.8,6,Neutral
E1036,1/23/2024,11.4,1,5,19.4,209.5,6,Sad
E1041,1/30/2024,6.1,6,9,89,116.9,3,Happy
E1038,1/10/2024,11.4,1,5.5,15,101.8,8,Sad
E1046,1/18/2024,7.5,3,6.6,31.7,146.1,6,Neutral
E1015,1/13/2024,6.5,3,6.9,57.1,180.3,4,Neutral
E1029,1/27/2024,5.3,8,8.4,68.4,147.2,4,Happy
E1003,1/12/2024,6.2,7,9.5,71.6,110.1,1,Happy
E1024,1/25/2024,8.8,1,5,10.7,113.6,8,Sad
E1042,1/11/2024,5.3,5,7.2,57.8,46,2,Happy
E1047,1/19/2024,6.7,4,7.6,33.2,159.2,4,Neutral
E1028,1/15/2024,6.3,4,7.2,35.6,49.1,5,Neutral
E1008,1/14/2024,6.3,8,8.4,84.6,210.1,1,Happy
E1003,1/5/2024,8.6,2,5.4,13.9,232.9,7,Sad
E1038,1/8/2024,6.6,8,9.6,80.6,150.1,3,Happy
E1002,1/18/2024,7.8,4,7.4,37.7,125.1,6,Neutral
E1004,1/20/2024,6,5,7.8,33.3,142.6,5,Neutral
E1043,1/23/2024,5.3,7,9.2,84.2,145.2,3,Happy
E1030,1/16/2024,7.3,3,7.6,59.6,185,4,Neutral
E1048,1/26/2024,6.9,4,8.1,38.9,128.1,6,Neutral
E1028,1/25/2024,6.1,5,7.8,39.6,115.1,1,Happy
E1027,1/18/2024,10.3,1,5,10,151.8,7,Sad
E1038,1/26/2024,12.2,1,5.3,15.3,215.8,9,Sad
E1027,1/19/2024,5.8,8,7.7,46.8,71.4,3,Happy
E1019,1/12/2024,8.7,2,6.1,16.6,208.7,9,Sad
E1036,1/26/2024,6.4,6,7,68.8,142.7,4,Happy
E1021,1/2/2024,9,1,5.5,12.7,167.9,10,Sad
E1021,1/29/2024,11.7,2,5.7,13.5,87.2,7,Sad
E1025,1/27/2024,9.4,2,5.3,11.9,146.4,9,Sad
E1016,1/10/2024,8.1,4,8.8,51.6,114.3,4,Neutral
E1031,1/15/2024,9,2,5.8,15.9,148.5,8,Sad
E1035,1/19/2024,10.9,1,5.3,16.9,134.6,8,Sad
E1014,1/6/2024,8.8,1,5.8,11,184.1,10,Sad
E1045,1/2/2024,7.8,4,6.5,33.1,158.6,5,Neutral
E1015,1/18/2024,11,1,4.9,12.8,117.2,7,Sad
E1006,1/18/2024,6.6,5,7,47.5,145,5,Neutral
E1016,1/15/2024,6.7,3,7.7,35.4,158.9,4,Neutral
E1010,1/16/2024,7.1,3,6.4,27.4,109.7,6,Neutral
E1001,1/8/2024,7.1,4,6.6,23.3,75.8,6,Neutral
E1007,1/2/2024,5.2,6,8.9,72.8,127.2,1,Happy
E1025,1/8/2024,9.9,1,5.5,18.1,218.6,8,Sad
E1017,1/29/2024,6.7,7,8,75.4,169.3,3,Happy
E1030,1/27/2024,6.2,7,8.3,67.8,117.4,1,Happy
E1000,1/17/2024,5.7,5,7.7,66.1,112.2,3,Happy
E1036,1/2/2024,9.3,2,5.4,14.2,205.4,6,Sad
E1049,1/13/2024,8.4,1,5.8,15,264.7,9,Sad
E1034,1/14/2024,5.6,8,9.2,40.7,96.2,3,Happy
E1031,1/1/2024,7,3,7.3,41.7,187.6,6,Neutral
E1025,1/4/2024,11.3,2,5.4,10.3,119.5,9,Sad
E1030,1/30/2024,11.9,2,5.4,16.9,137.7,7,Sad
E1004,1/8/2024,10.5,1,5.2,10.5,86.4,8,Sad
E1024,1/17/2024,8,5,8.9,55.1,175,6,Neutral
E1000,1/13/2024,11,1,5.5,14,185.3,8,Sad
E1044,1/23/2024,5.9,7,8.4,50.5,53.6,3,Happy
E1015,1/23/2024,6,4,8.6,47.2,119.8,6,Neutral
E1010,1/11/2024,6.6,7,8.6,74.2,136.8,2,Happy
E1034,1/29/2024,10,2,5.4,15.8,196.7,7,Sad
E1005,1/1/2024,6.7,5,7.1,70.8,100.3,1,Happy
E1038,1/22/2024,8.8,1,5.5,15.4,134.3,10,Sad
E1027,1/6/2024,5.2,7,8.8,61.5,135.5,4,Happy
E1035,1/24/2024,6.2,4,6,25.5,229.7,5,Neutral
E1029,1/26/2024,8.3,2,5.2,15.2,210.8,8,Sad
E1043,1/13/2024,11,1,5.6,14.5,152.7,8,Sad
E1000,1/7/2024,10,2,5.3,19.7,191.8,6,Sad
E1035,1/7/2024,11.5,1,5.7,14.9,232.4,8,Sad
E1025,1/23/2024,6.7,7,8.5,66,133.6,1,Happy
E1015,1/15/2024,6.2,5,9.3,82.8,151.2,1,Happy
E1023,1/21/2024,4.9,6,8.6,46.2,59.3,3,Happy
E1009,1/6/2024,6.2,5,7.7,30.6,237.8,4,Neutral
E1038,1/1/2024,6.8,5,7.2,71.9,131,2,Happy
E1033,1/21/2024,6.5,5,7.3,47.1,87.2,3,Happy
E1014,1/8/2024,5.1,6,9.9,42.9,77.8,2,Happy
E1013,1/30/2024,5.1,6,9.5,43.3,194.6,3,Happy
E1042,1/12/2024,6.5,4,6.2,48.4,74.6,5,Neutral
E1040,1/20/2024,5.6,6,7.8,69.7,116.4,2,Happy
E1022,1/8/2024,10.2,2,5.6,16.2,244.5,7,Sad
E1026,1/13/2024,10.5,1,5.8,12.1,123.1,8,Sad
E1002,1/7/2024,7,3,8.3,40.1,201.2,6,Neutral
E1020,1/15/2024,7.3,3,7.8,25.2,112.6,6,Neutral
E1040,1/16/2024,6.5,7,8.4,48.7,223.3,2,Happy
E1011,1/29/2024,8.7,2,5.6,14.5,163.1,7,Sad
E1017,1/19/2024,5.2,5,7.3,42.3,94.1,4,Happy
E1034,1/19/2024,10.9,2,5.6,16.6,57.1,9,Sad
E1023,1/30/2024,6.4,5,9,35,137.9,4,Neutral
E1020,1/21/2024,7,3,6.6,57.2,112.2,4,Neutral
E1034,1/30/2024,6.8,4,7.4,42.2,174,4,Neutral
E1010,1/18/2024,6.5,7,7.3,43.4,154.6,2,Happy
E1006,1/4/2024,5.6,7,8.6,55.8,158.8,2,Happy
E1042,1/14/2024,10.4,1,5.8,12.6,132,6,Sad
E1015,1/4/2024,8,3,6.8,27.7,145.2,5,Neutral
E1047,1/8/2024,11,2,5.4,13.7,198.5,10,Sad
E1047,1/22/2024,6.6,5,6.5,54.6,131.3,5,Neutral
E1007,1/13/2024,6.9,4,6.4,26.9,162.9,6,Neutral
E1010,1/4/2024,7.8,4,8.2,25.1,241.2,5,Neutral
E1032,1/16/2024,9.5,1,6,19.7,195.8,6,Sad
E1030,1/21/2024,6.2,5,7.2,55.7,97.2,4,Happy
E1046,1/19/2024,5.2,8,9.5,66.6,121.7,4,Happy
E1046,1/24/2024,8.4,2,5,13.9,153.6,10,Sad
E1012,1/16/2024,6.2,5,7.8,22,112.2,4,Neutral
E1026,1/30/2024,6.1,4,8,25,166,4,Neutral
E1029,1/21/2024,9.1,1,5.7,12.3,210.3,8,Sad
E1032,1/18/2024,5.3,6,7.2,54.2,183.5,4,Happy
E1049,1/20/2024,5.2,6,9.1,63,138.4,2,Happy
E1011,1/26/2024,7.3,5,8.2,29.3,112,4,Neutral
E1046,1/29/2024,5.6,6,8.4,57.5,188.8,1,Happy
E1006,1/21/2024,9.8,2,5.6,13.3,181.1,6,Sad
E1010,1/19/2024,9,1,6,13.4,31.8,8,Sad
E1021,1/17/2024,8.8,2,5.6,17.6,87.8,8,Sad
E1044,1/6/2024,7,5,6.5,34.5,169.6,5,Neutral
E1032,1/5/2024,11.2,1,5.8,10.1,145.2,8,Sad
E1004,1/16/2024,6,5,9.6,83.8,213.3,2,Happy
E1041,1/23/2024,6.3,8,8.4,53.7,123.5,2,Happy
E1029,1/11/2024,6.4,8,9.6,69.6,146.1,3,Happy
E1033,1/22/2024,9.4,2,5.4,16.5,126.9,9,Sad
E1046,1/23/2024,9.2,1,6,13.2,132.6,6,Sad
E1042,1/21/2024,6.4,4,8.3,28.2,175.8,4,Neutral
E1010,1/26/2024,10.5,1,5.3,19.9,191.4,7,Sad
E1023,1/9/2024,7.1,4,8.2,52,176.1,4,Neutral
E1040,1/19/2024,7.1,3,8.3,44.8,154.3,5,Neutral
E1013,1/1/2024,7.3,4,8.9,36.9,121.4,5,Neutral
E1021,1/8/2024,6.1,3,7.4,21.3,243.4,4,Neutral
E1024,1/21/2024,7.1,4,7.2,56.5,144.5,6,Neutral
E1019,1/15/2024,6.6,6,9.4,82.8,152.5,4,Happy
E1001,1/26/2024,10.4,2,5,16.2,127.5,6,Sad
E1000,1/21/2024,6.9,5,7.8,54.4,143.1,4,Happy
E1047,1/2/2024,9.9,1,5.6,10.9,182.1,7,Sad
E1002,1/11/2024,10.2,2,5.7,15.4,154,8,Sad
E1039,1/23/2024,6.8,5,6.7,27,218,4,Neutral
E1038,1/19/2024,11.4,2,5.7,19.2,133.4,6,Sad
E1034,1/8/2024,8.2,1,5.7,13.9,120.8,6,Sad
E1035,1/20/2024,6.5,3,8,33.3,146.8,4,Neutral
E1017,1/6/2024,7,3,6.2,59.8,242.5,5,Neutral
E1013,1/6/2024,8,5,6.1,21.6,171.5,6,Neutral
E1019,1/8/2024,5.8,5,7.8,69,169.3,3,Happy
E1040,1/3/2024,10.8,2,4.9,14.4,174.6,6,Sad
E1043,1/26/2024,10,2,5,17.4,61.3,8,Sad
E1011,1/14/2024,6.6,3,6.5,41.2,129,6,Neutral
E1019,1/24/2024,6.1,8,9.2,89.8,158.6,1,Happy
E1042,1/27/2024,6.7,3,8.8,40.3,159.6,5,Neutral
E1001,1/6/2024,8.8,1,5.7,15.1,280.4,9,Sad
E1029,1/25/2024,6,3,6.8,20.6,193.8,4,Neutral
E1008,1/7/2024,9.8,1,6,11.9,110.3,6,Sad
E1005,1/18/2024,5.4,8,8.9,79.8,134.3,1,Happy
E1016,1/26/2024,11.7,2,5.9,10.6,94,8,Sad
E1008,1/2/2024,6.5,4,7.6,57.3,237.5,4,Neutral
E1010,1/24/2024,11.8,2,5.8,19.6,210.5,8,Sad
E1047,1/6/2024,5.3,8,7,82.1,141.5,3,Happy
E1010,1/3/2024,6.8,7,8.1,40.3,144.9,1,Happy
E1002,1/9/2024,6.2,5,7.6,40.8,123,5,Neutral
E1034,1/6/2024,9.5,1,5.8,19.8,156,7,Sad
E1000,1/11/2024,6.3,6,8,58.2,203.6,2,Happy
E1028,1/23/2024,6.3,4,8.3,51.9,127.7,5,Neutral
E1042,1/17/2024,6,8,7.5,47.7,173.8,1,Happy
E1028,1/2/2024,6,5,8.8,42.3,93.6,2,Happy
E1041,1/15/2024,5.9,8,9.4,67.8,172.9,3,Happy
E1004,1/25/2024,6.9,8,7.9,42.6,162.9,3,Happy
E1020,1/5/2024,7.9,5,6.1,57.7,56.8,5,Neutral
E1027,1/2/2024,7.1,5,9,48.1,141.6,1,Happy
E1044,1/26/2024,11.2,2,5,19.6,235.5,7,Sad
E1034,1/16/2024,12.1,2,5.9,16.8,145.2,6,Sad
E1013,1/7/2024,11.3,1,5.1,13.6,193.6,6,Sad
E1018,1/1/2024,7.8,3,8.4,24.3,160.8,5,Neutral
E1041,1/26/2024,7,5,9.6,56.4,157.5,4,Happy
E1037,1/4/2024,11.5,1,5.4,18.5,103,8,Sad
E1008,1/9/2024,10,1,5.4,12.4,116,10,Sad
E1047,1/17/2024,5.6,8,9,73.9,128.6,1,Happy
E1012,1/9/2024,7,3,6,49.2,158,6,Neutral
E1000,1/24/2024,6.4,3,6.2,55.7,182.7,6,Neutral
E1044,1/13/2024,5.3,5,9.2,74.5,115.4,4,Happy
E1042,1/9/2024,11,2,5.8,16.3,152.1,7,Sad
E1017,1/13/2024,6.3,4,7,36.6,182.9,5,Neutral
E1012,1/17/2024,6.2,3,7,27.7,148.7,6,Neutral
E1007,1/5/2024,9.8,1,5.7,10.4,201.7,7,Sad
E1003,1/23/2024,5.4,7,8.2,54.5,210.2,2,Happy
E1002,1/12/2024,5.3,7,8.4,91.2,109.8,4,Happy
E1042,1/3/2024,5.4,7,7.2,50.9,208.6,1,Happy
E1021,1/27/2024,7.7,5,7.7,21.9,71.7,4,Neutral
E1003,1/24/2024,7.6,4,7.1,58.8,132.8,6,Neutral
E1038,1/21/2024,9.5,1,5.2,13.4,217.3,9,Sad
E1000,1/1/2024,8,2,5.4,18.2,135.1,9,Sad
E1041,1/1/2024,8.6,2,5.2,9.9,186.1,9,Sad
E1035,1/14/2024,6.6,5,8.8,45.6,174.4,3,Happy
E1025,1/6/2024,5.4,8,8.9,80.6,144.9,1,Happy
E1042,1/5/2024,7,7,8.4,62.4,128.9,3,Happy
E1037,1/3/2024,10.7,2,5.3,12.6,150.9,7,Sad
E1031,1/4/2024,9.1,2,5.3,19.4,153.7,10,Sad
E1030,1/11/2024,12.1,1,5.6,18.6,146,8,Sad
E1041,1/7/2024,6.2,5,8,63.4,147.3,2,Happy
E1024,1/19/2024,6.5,5,8.1,78,199.9,1,Happy
E1010,1/20/2024,6.6,6,9.3,46.1,112.5,2,Happy
E1005,1/14/2024,7.6,4,6.1,56,202.8,6,Neutral
E1023,1/28/2024,5.6,7,9.7,56,126.6,1,Happy
E1043,1/20/2024,6.5,7,9.7,52.9,188.9,4,Happy
E1047,1/29/2024,11.9,2,5.1,16.2,193,7,Sad
E1007,1/24/2024,7.4,4,8.1,48,194.8,4,Neutral
E1024,1/29/2024,7.1,3,8.8,56,97.5,4,Neutral
E1008,1/23/2024,9.8,2,5.2,10.2,149.2,8,Sad
E1033,1/19/2024,7.2,4,9,28,197,4,Neutral
E1032,1/17/2024,6.3,6,8.9,63.3,181,2,Happy
E1036,1/7/2024,8.9,2,5.5,14.1,182.3,8,Sad
E1007,1/10/2024,6.7,6,8.6,85.4,169.7,2,Happy
E1015,1/16/2024,7.3,3,6.7,33.8,199.3,6,Neutral
E1044,1/10/2024,7,7,7.2,49.2,159.6,3,Happy
E1026,1/8/2024,5.5,5,9.3,84.4,109.1,2,Happy
E1042,1/25/2024,5.2,6,8,72.9,122,4,Happy
E1037,1/27/2024,6.8,8,8.4,45.1,120.1,3,Happy
E1012,1/22/2024,6.7,6,8.5,78.8,153.5,1,Happy
E1035,1/8/2024,6.6,5,6.1,51.3,190.2,4,Neutral
E1003,1/13/2024,9,1,5.6,11.3,119.3,8,Sad
E1039,1/12/2024,10,1,5.4,12,108.6,10,Sad
E1037,1/28/2024,6.7,5,6.4,43.7,136.7,4,Neutral
E1042,1/18/2024,7.1,4,6.7,55.8,186.4,6,Neutral
E1031,1/3/2024,6,8,9.4,56.3,192.5,2,Happy
E1012,1/19/2024,11.2,1,5.8,19.6,147.6,10,Sad
E1021,1/6/2024,9,1,5.4,11.3,173.3,9,Sad
E1007,1/29/2024,5.5,7,6.7,60.2,71,2,Happy
E1021,1/13/2024,6.6,3,8.8,34.9,189.1,5,Neutral
E1020,1/19/2024,6,8,8.4,55.2,109.2,4,Happy
E1032,1/14/2024,5,7,9.4,61.5,120.1,2,Happy
E1047,1/18/2024,6.9,7,8.9,58.2,214.6,1,Happy
E1010,1/6/2024,8,2,5.3,17.7,90.8,10,Sad
E1046,1/9/2024,5.8,7,8.8,74.5,60.6,1,Happy
E1017,1/21/2024,6,3,8.7,39.1,120.6,6,Neutral
E1022,1/6/2024,6.4,5,8.2,37.1,198.2,5,Neutral
E1004,1/13/2024,10.8,1,5.8,18.1,120.2,7,Sad
E1041,1/3/2024,6.5,7,7.1,59.9,233.9,3,Happy
E1048,1/4/2024,9.6,2,5.9,18,61.2,7,Sad
E1010,1/28/2024,7.4,5,7.1,46.4,93.4,6,Neutral
E1001,1/9/2024,8.3,1,5.3,18.5,160.9,9,Sad
E1034,1/7/2024,6.9,5,6.6,36.2,73,6,Neutral
E1037,1/7/2024,6.6,7,10,62.2,204.4,3,Happy
E1048,1/13/2024,5.9,5,8.5,26.3,141.6,4,Neutral
E1045,1/22/2024,5.3,6,7.3,43,195.6,2,Happy
E1044,1/12/2024,5,6,8.9,43.7,162.4,4,Happy
E1016,1/19/2024,7.8,3,7.2,20.1,89.7,5,Neutral
E1032,1/22/2024,11.4,2,5.4,19.7,110.4,7,Sad
E1029,1/19/2024,6.2,6,8.2,75.4,53.5,3,Happy
E1028,1/10/2024,6.7,5,9.2,86.6,151,1,Happy
E1004,1/21/2024,6.2,4,6,48.4,73,4,Neutral
E1046,1/30/2024,5.5,8,6.9,42.2,91.7,2,Happy
E1035,1/5/2024,5.7,6,9,89.6,131.2,4,Happy
E1007,1/17/2024,6.4,4,8.6,38.2,132.1,4,Neutral
E1003,1/16/2024,5.8,7,8.6,55.2,105.4,1,Happy
E1027,1/15/2024,5.7,6,8.5,42.8,165.7,2,Happy
E1020,1/23/2024,8.4,2,5.6,17.2,166.9,8,Sad
E1003,1/27/2024,8.6,2,6,12.6,151.4,6,Sad
E1045,1/16/2024,11.8,1,5.2,13,129.1,6,Sad
E1043,1/12/2024,11.1,1,5.6,16.4,225.4,10,Sad
E1031,1/25/2024,7.8,2,5.5,11.4,34.5,10,Sad
E1019,1/18/2024,5.3,6,7.1,51.2,127.1,2,Happy
E1013,1/23/2024,6.4,5,8.3,32.9,164,5,Neutral
E1046,1/11/2024,8.8,1,5.4,16.4,99.7,6,Sad
E1048,1/27/2024,11.4,2,6,10,159.8,7,Sad
E1023,1/19/2024,10.7,1,5.7,13.4,224.7,10,Sad
E1002,1/25/2024,5.2,6,9.5,63.2,184.9,4,Happy
E1007,1/3/2024,5.1,6,9.5,64.2,132.9,1,Happy
E1005,1/5/2024,10.6,2,4.9,14.7,179.5,7,Sad
E1032,1/12/2024,12.1,1,5.4,14.7,146.9,9,Sad
E1009,1/4/2024,7.9,3,7.1,58.5,112.7,4,Neutral
E1031,1/10/2024,5.8,5,8.5,83.1,128.2,3,Happy
E1024,1/5/2024,5.8,6,7.5,87.2,244.9,1,Happy
E1034,1/15/2024,8.5,1,5.5,18.9,177.1,7,Sad
E1040,1/7/2024,11.4,2,5.6,18.6,78.9,8,Sad
E1035,1/18/2024,9.6,1,5.8,12.9,184.6,7,Sad
E1030,1/1/2024,6.5,7,7.4,73.3,134.2,4,Happy
E1030,1/24/2024,6.9,8,8,83.6,148.3,1,Happy
E1046,1/22/2024,10.7,1,5.2,15.4,223.3,10,Sad
E1000,1/8/2024,6.2,5,8.2,44.8,158.8,6,Neutral
E1031,1/18/2024,6.5,3,8.9,45.3,181.1,4,Neutral
E1043,1/5/2024,6.5,6,9.6,56.5,58.1,1,Happy
E1045,1/7/2024,7.9,1,4.8,14,184.2,9,Sad
E1030,1/23/2024,6,8,8,53.3,155.7,1,Happy
E1019,1/14/2024,9.3,1,5.5,12.6,214.2,7,Sad
E1012,1/4/2024,6.7,6,9.2,56.3,99.1,2,Happy
E1033,1/18/2024,7.4,5,7.9,38.7,165.4,4,Neutral
E1002,1/10/2024,6.2,7,8.4,81.4,136.5,3,Happy
E1044,1/11/2024,7.9,3,8.1,48,123.6,6,Neutral
E1029,1/1/2024,6.5,7,7.9,63.7,170,1,Happy
E1038,1/18/2024,10.6,1,5.9,13.9,151.1,10,Sad
E1020,1/12/2024,10.5,2,5.7,17,128,7,Sad
E1041,1/14/2024,5.4,6,7.6,84,217.9,4,Happy
E1013,1/29/2024,8.4,4,7.3,46.2,198.6,4,Neutral
E1032,1/3/2024,6.2,3,8.7,25.2,166.5,6,Neutral
E1022,1/16/2024,12.1,1,5.3,20.1,115.2,8,Sad
E1015,1/27/2024,6.8,3,7.8,50.3,148.6,4,Neutral
E1027,1/3/2024,9.7,1,5.5,16.9,103.5,10,Sad
E1013,1/16/2024,9.1,1,5.3,10.4,122.2,9,Sad
E1037,1/1/2024,5.6,6,8.2,89.9,141,3,Happy
E1013,1/22/2024,6.7,6,8.2,74,160.2,1,Happy
E1043,1/28/2024,11.7,2,5.8,13.9,157.2,10,Sad
E1024,1/3/2024,5.9,6,7.4,50.8,181.8,2,Happy
E1000,1/30/2024,6.2,5,6.6,33.9,161.1,5,Neutral
E1012,1/13/2024,11.2,2,5.6,15.5,212.5,6,Sad
E1002,1/1/2024,6.9,5,8.6,37.5,145.4,5,Neutral
E1004,1/5/2024,6.8,8,7.8,57.8,232,2,Happy
E1045,1/20/2024,7.9,3,7.3,21.1,102.1,6,Neutral
E1029,1/4/2024,7.5,4,7.4,56.9,162.8,5,Neutral
E1044,1/21/2024,5.3,7,8.8,57.3,135.8,4,Happy
E1003,1/29/2024,7.5,4,6.6,56.4,208,5,Neutral
E1022,1/29/2024,5.3,6,8.3,64.3,184.5,4,Happy
E1008,1/4/2024,7.7,3,8.4,34.2,254.6,6,Neutral
E1007,1/20/2024,12,2,5.3,12.1,104.1,10,Sad
E1031,1/23/2024,7.6,5,6.4,39.3,99.8,4,Neutral
E1003,1/11/2024,6.9,7,9.2,53.3,119.4,4,Happy
E1016,1/29/2024,11.3,1,5.1,20.5,270.2,10,Sad
E1019,1/25/2024,5.2,6,8.5,65.6,196.1,3,Happy
E1015,1/26/2024,10.5,1,5.9,13.1,163.1,10,Sad
E1041,1/24/2024,11.5,2,5.2,17.1,169.9,7,Sad
E1046,1/27/2024,6.5,6,8.3,65,231.7,3,Happy
E1006,1/26/2024,7.8,5,7.1,46.7,97.9,4,Neutral
E1015,1/29/2024,10.9,1,5.6,19.1,147,8,Sad
E1030,1/13/2024,7.7,4,6.6,20.5,188.8,4,Neutral
E1013,1/12/2024,10.9,1,5.4,14.5,194.4,7,Sad
E1008,1/6/2024,6.3,7,9.4,67.6,263.5,4,Happy
E1033,1/6/2024,5.2,8,9.5,45.5,38.9,3,Happy
E1011,1/5/2024,9.4,2,5,15.5,235,9,Sad
E1029,1/3/2024,6.6,8,7.5,57.3,120.8,2,Happy
E1046,1/21/2024,11.4,1,5,17.8,187.4,6,Sad
E1025,1/30/2024,5.6,7,9.8,79.7,166.4,3,Happy
E1049,1/7/2024,9,2,5,16.1,134.8,8,Sad
E1021,1/30/2024,10.7,1,5.2,15.4,207.1,8,Sad
E1004,1/30/2024,7.9,5,7.3,26.5,80.6,5,Neutral
E1023,1/5/2024,8.1,5,6.4,41.1,111.8,4,Neutral
E1009,1/13/2024,6.5,7,7,63.7,120.5,4,Happy
E1027,1/26/2024,6.1,7,8.9,68.4,132.2,2,Happy
E1002,1/23/2024,6.1,4,6.3,45.2,159.4,6,Neutral
E1007,1/18/2024,6.5,8,9.5,46.3,187.3,2,Happy
E1009,1/29/2024,7,4,6.1,41.5,227,4,Neutral
E1009,1/5/2024,6.4,4,5.9,24.8,236.8,6,Neutral
E1029,1/17/2024,6.1,5,7.6,51.4,120.6,5,Neutral
E1037,1/10/2024,5.1,5,9.1,78.7,170.1,2,Happy
E1015,1/25/2024,5.5,7,9,83.4,215.7,2,Happy
E1044,1/8/2024,5.6,5,9.9,61.2,154.4,4,Happy
E1044,1/15/2024,5.5,6,9.8,42.8,193.2,3,Happy
E1020,1/7/2024,7.5,4,7,25.1,157.4,6,Neutral
E1047,1/12/2024,7.2,3,7.2,22.8,165.6,4,Neutral
E1030,1/5/2024,12,2,5.1,10.9,209.4,8,Sad
E1017,1/9/2024,5.9,5,8.4,42.1,191,4,Happy
E1014,1/11/2024,11,1,5.4,17.7,85.9,8,Sad
E1048,1/21/2024,8.7,2,5.1,19.2,177.8,10,Sad
E1000,1/9/2024,6.4,5,7.9,74.7,75,1,Happy
E1036,1/30/2024,6.5,3,6.5,31,222.4,4,Neutral
E1047,1/16/2024,7.6,3,7.1,47.8,210.4,4,Neutral
E1006,1/12/2024,9.3,1,5,11.3,173.4,10,Sad
E1040,1/2/2024,6.1,7,9.6,72.2,109.5,3,Happy
E1002,1/14/2024,6.1,5,9.4,40.6,111.3,3,Happy
E1017,1/23/2024,8.7,2,5.6,17.1,176.5,9,Sad
E1000,1/22/2024,9.7,1,5.6,15.6,146,10,Sad
E1001,1/23/2024,5.7,8,7.3,85.4,139.2,3,Happy
E1037,1/16/2024,7.2,3,6,29.5,165.5,6,Neutral
E1019,1/26/2024,7.9,5,6.7,45.8,164.6,5,Neutral
E1023,1/13/2024,7.8,3,7.4,51.8,167.5,5,Neutral
E1049,1/15/2024,6.7,3,8.7,34.9,58,5,Neutral
E1048,1/16/2024,8.7,2,5.6,17.8,183.1,6,Sad
E1040,1/26/2024,7.9,4,8.6,53.4,77.3,5,Neutral
E1037,1/9/2024,11.3,1,5.5,17.8,208.6,6,Sad
E1014,1/20/2024,8.7,2,5.5,17.2,171.2,6,Sad
E1014,1/19/2024,6.7,3,8.1,21.1,156.5,6,Neutral
E1008,1/13/2024,6.4,3,7.6,33.4,157.3,6,Neutral
E1009,1/19/2024,6.4,5,8.6,25.2,172.8,4,Neutral
E1040,1/27/2024,8.3,2,5.9,18.8,110.6,7,Sad
E1040,1/23/2024,6.4,3,6,29.2,140.1,5,Neutral
E1030,1/7/2024,7.1,4,7.8,30.2,183.9,6,Neutral
E1034,1/23/2024,8.6,2,6,17.6,173.2,10,Sad
E1024,1/2/2024,7.6,5,7.7,51.6,128.1,5,Neutral
E1023,1/8/2024,7.4,4,6.5,51,70.3,5,Neutral
E1035,1/13/2024,9.8,2,5.3,12.5,118.9,8,Sad
E1041,1/5/2024,6.7,4,7.6,49.1,169.9,6,Neutral
E1041,1/2/2024,5.5,6,9.2,86.6,73.6,4,Happy
E1045,1/24/2024,9.6,2,5.2,13.8,86.3,6,Sad
E1036,1/28/2024,7.2,6,9.5,79,189.4,1,Happy
E1012,1/26/2024,11.8,2,5.8,13.3,244.9,8,Sad
E1049,1/4/2024,6.7,6,8.4,45.9,124.1,1,Happy
E1003,1/6/2024,6.7,5,7.1,62.9,208.6,1,Happy
E1037,1/18/2024,7.4,4,6.5,35.9,160.1,4,Neutral
E1035,1/25/2024,7.5,3,8,50.6,166.6,6,Neutral
E1034,1/1/2024,9.7,1,5.8,16.7,168.2,6,Sad
E1007,1/9/2024,9.4,2,5.2,17.6,193.7,6,Sad
E1011,1/9/2024,11.5,2,5.8,14.3,153.1,10,Sad
E1012,1/28/2024,8.2,5,7.5,43.4,154.6,5,Neutral
E1007,1/16/2024,5.6,5,9.1,49.7,166.3,4,Happy
E1017,1/22/2024,6.4,5,7.1,45.9,173.6,3,Happy
E1000,1/19/2024,7.5,5,7.8,42.1,129.7,5,Neutral
E1011,1/17/2024,5.4,5,9.6,80.7,180.1,1,Happy
E1008,1/17/2024,7.7,3,6.4,43.6,113.6,5,Neutral
E1044,1/28/2024,6.7,6,7.9,79.9,101.9,4,Happy
E1047,1/3/2024,6.5,4,6.3,44.1,164.2,6,Neutral
E1017,1/17/2024,7,5,6.2,26,233.2,6,Neutral
E1021,1/26/2024,7.8,3,6.7,20.1,174.7,4,Neutral
E1049,1/27/2024,11.3,1,5,18.5,132.2,9,Sad
E1018,1/15/2024,10.6,2,5.4,11.5,121.6,6,Sad
E1011,1/2/2024,6.8,7,8.8,56.1,209.7,1,Happy
E1033,1/26/2024,10.4,1,5.1,19.4,224.5,7,Sad
E1027,1/1/2024,7.7,5,6.4,43.1,96.5,4,Neutral
E1033,1/2/2024,6.4,3,8.8,48.9,170.3,5,Neutral
E1019,1/29/2024,9.7,1,4.9,13.9,103.9,9,Sad
E1025,1/5/2024,8.9,1,5.4,10.6,62.6,9,Sad
E1010,1/15/2024,11.7,2,5.5,14.1,172.1,7,Sad
E1045,1/28/2024,10,2,5.4,19.3,140,7,Sad
E1017,1/30/2024,6.6,4,6.4,30,220.7,4,Neutral
E1029,1/20/2024,7,6,10.2,85.9,230.7,2,Happy
E1034,1/18/2024,6,8,8.3,86.8,239,1,Happy
E1009,1/8/2024,8.8,1,6,15.7,116.6,9,Sad
E1023,1/29/2024,6.3,6,8.3,92.8,221.2,1,Happy
E1020,1/2/2024,6.8,5,7.4,26.4,122.5,4,Neutral
E1023,1/18/2024,9.2,2,6,12,141.7,6,Sad
E1029,1/7/2024,7.1,5,8.7,21.8,117.5,5,Neutral
E1038,1/14/2024,6.1,5,8.2,56.3,69.5,4,Neutral
E1002,1/29/2024,6,3,8.7,29.3,86,5,Neutral
E1041,1/9/2024,11.7,1,5.6,19.3,13.9,6,Sad
E1032,1/20/2024,7.7,5,9.2,48.8,182.1,6,Neutral
E1045,1/14/2024,11.6,2,5.1,14.3,123.2,8,Sad
E1001,1/3/2024,5.7,6,6.8,65.3,197.9,2,Happy
E1032,1/11/2024,8.1,4,6,31.9,209,6,Neutral
E1007,1/12/2024,6.3,7,7.5,76.6,246.6,3,Happy
E1003,1/1/2024,7,7,8.6,62.5,123.3,4,Happy
E1010,1/30/2024,6.7,6,7.6,65.1,282.9,3,Happy
E1007,1/4/2024,5.6,6,8.5,75.3,178.6,1,Happy
E1011,1/22/2024,6.8,4,8.4,34.4,214.6,5,Neutral
E1011,1/6/2024,6.3,6,7.6,70.2,127,3,Happy
E1026,1/22/2024,6.7,7,8.8,66.5,179.2,4,Happy
E1017,1/3/2024,8,2,5.6,18.4,103.9,9,Sad
E1043,1/18/2024,7.4,4,6,42.4,101.3,4,Neutral
E1000,1/25/2024,6.4,3,8.8,25,177.7,4,Neutral
E1017,1/10/2024,10.9,2,5,14.8,127.5,7,Sad
E1013,1/25/2024,6.8,5,6.7,21,118.3,4,Neutral
E1020,1/28/2024,7.5,5,6.4,34.8,139.1,5,Neutral
E1007,1/15/2024,5.5,6,10.1,49.5,234,1,Happy
E1004,1/6/2024,9,2,5.6,10.7,201.8,6,Sad
E1010,1/5/2024,6.4,8,7,83,129.9,2,Happy
E1037,1/8/2024,6.6,4,8.2,60.6,218.4,6,Neutral
E1037,1/11/2024,9.5,2,5.7,10.9,171.1,9,Sad
E1016,1/8/2024,6.2,7,10.1,79.8,67.7,4,Happy
E1027,1/4/2024,10.6,1,5.3,15.2,197.8,9,Sad
E1036,1/15/2024,7,3,6.3,25.7,139.3,6,Neutral
E1014,1/14/2024,7.3,3,7.7,42.6,170.9,4,Neutral
E1033,1/23/2024,8.2,1,5.5,19.7,188.2,6,Sad
E1048,1/24/2024,9.9,2,5.3,17.9,59.1,7,Sad
E1038,1/15/2024,6,5,7.2,87.2,165.6,4,Happy
E1036,1/18/2024,9.4,1,5.4,18.7,128.3,6,Sad
E1022,1/21/2024,9.5,1,5.8,10.6,176.3,10,Sad
E1025,1/21/2024,11,1,5.3,15.4,133.3,6,Sad
E1038,1/9/2024,7.1,5,6.9,51.3,60.5,6,Neutral
E1046,1/6/2024,10.2,1,6,16.3,96.3,9,Sad
E1039,1/15/2024,11,2,5.4,9.9,61.5,10,Sad
E1018,1/10/2024,6.5,5,9.7,42,132.5,4,Happy
E1020,1/26/2024,10.6,2,5.5,19.5,126.9,6,Sad
E1002,1/21/2024,6,6,7.1,55.1,128.4,3,Happy
E1019,1/28/2024,7.4,3,5.8,51.7,265.8,5,Neutral
E1026,1/29/2024,7.3,4,7.9,21.1,195.9,4,Neutral
E1047,1/25/2024,8.2,1,5.1,14.2,220.8,7,Sad
E1044,1/24/2024,9.6,2,5.5,13.4,192.8,7,Sad
E1004,1/14/2024,7.1,4,7.3,20.4,198,4,Neutral
E1022,1/19/2024,6,5,9.5,90.1,248.7,4,Happy
E1030,1/28/2024,8.1,4,6.9,26.2,8.5,4,Neutral
E1039,1/26/2024,7.1,4,7.4,23.9,176.8,5,Neutral
E1002,1/16/2024,6.7,3,7.8,29,107.7,5,Neutral
E1041,1/12/2024,6.2,5,9.1,75.4,116.2,4,Happy
E1005,1/24/2024,7,6,9.4,79.4,246.1,1,Happy
E1046,1/5/2024,6.8,3,7.5,20,49,6,Neutral
E1011,1/28/2024,10,1,5.2,12,216.2,8,Sad
E1009,1/1/2024,7.4,3,7.2,49.6,123.2,5,Neutral
E1018,1/16/2024,5.5,6,8.1,88.5,174.8,3,Happy
E1048,1/30/2024,11,2,5.6,18.9,219.9,6,Sad
E1000,1/18/2024,6.7,8,9.6,46.8,177.2,3,Happy
E1032,1/6/2024,6.7,3,8.7,39,97.4,4,Neutral
E1025,1/14/2024,7.4,3,7,52.4,90.1,5,Neutral
E1048,1/28/2024,8,5,6.5,32.8,209.9,5,Neutral
E1015,1/5/2024,6.9,4,8.4,42.3,96.8,5,Neutral
E1019,1/4/2024,6.2,3,7.8,47.4,212.1,4,Neutral
E1000,1/4/2024,6.5,6,8.3,65.2,81.8,3,Happy
E1048,1/15/2024,6.1,3,7.5,35,222.2,4,Neutral
E1037,1/19/2024,5.2,8,7.2,45.1,185,1,Happy
E1016,1/20/2024,7,3,8.8,26.7,167.3,6,Neutral
E1032,1/1/2024,6.6,5,7.8,55,141.7,4,Happy
E1022,1/17/2024,11.4,2,5.3,15.3,207.7,6,Sad
E1000,1/26/2024,5.4,7,7.3,72.4,124.4,3,Happy
E1018,1/21/2024,11.4,2,5.3,14.4,153.6,7,Sad
E1033,1/5/2024,6.3,8,9.3,62.4,76.6,2,Happy
E1035,1/21/2024,6,6,9.8,42.6,118.6,2,Happy
E1049,1/3/2024,6.9,8,7.9,48.2,198.8,4,Happy
E1008,1/29/2024,5.7,7,7.6,51.2,193.8,3,Happy
E1025,1/13/2024,8.7,1,5.7,18.1,86.9,6,Sad
E1023,1/4/2024,7,8,7.8,47.9,139,1,Happy
E1019,1/16/2024,7.6,3,6.1,36.1,197.7,5,Neutral
E1008,1/26/2024,9.1,2,5.1,15,177,6,Sad
E1001,1/7/2024,5.5,5,8.8,47.6,136.6,2,Happy
E1014,1/26/2024,8.8,2,5.9,15.7,204.5,10,Sad
E1005,1/12/2024,6.5,7,9.1,56.7,103.1,3,Happy
E1018,1/7/2024,8.8,1,5.5,13,247.7,8,Sad
E1023,1/14/2024,6,5,7.5,22.7,39.4,6,Neutral
E1039,1/29/2024,9.6,2,5.7,19.5,193.8,8,Sad
E1011,1/18/2024,11.8,1,5.2,11.4,236.3,7,Sad
E1026,1/17/2024,10.3,2,5.7,16.6,160.9,10,Sad
E1041,1/18/2024,7.2,3,7.9,61,169.3,4,Neutral
E1034,1/12/2024,6.6,5,8,84.5,95.4,3,Happy
E1006,1/24/2024,11.8,2,5.2,15.6,173.1,10,Sad
E1041,1/16/2024,6.2,3,6.5,26.7,115.3,4,Neutral
E1037,1/23/2024,6.4,8,7.5,73.6,126,1,Happy
E1015,1/3/2024,6.3,6,9.9,87.7,182.4,4,Happy
E1012,1/1/2024,6.4,6,9.1,57.7,61,4,Happy
E1007,1/19/2024,7,6,8.9,77,140.4,4,Happy
E1048,1/9/2024,8.7,1,5.8,9.9,185.2,6,Sad
E1039,1/3/2024,7.1,3,6.5,55.7,125.9,6,Neutral
E1040,1/15/2024,5.4,5,10.1,81.1,239.4,2,Happy
E1011,1/24/2024,6.1,3,6.9,45.8,178.2,4,Neutral
E1012,1/25/2024,7.4,5,6.6,31.8,251.3,5,Neutral
E1013,1/4/2024,6.4,3,7.1,22.6,204.1,5,Neutral
E1026,1/26/2024,5.3,6,8.8,56.6,191.6,2,Happy
E1022,1/7/2024,7.8,3,6,26.8,217.3,4,Neutral
E1032,1/7/2024,5.8,5,7.7,64.8,54.8,2,Happy
E1033,1/8/2024,11.9,2,5.8,15.2,264.7,9,Sad
E1022,1/22/2024,7,5,8,56.2,248.2,6,Neutral
E1026,1/5/2024,6,6,8.8,77.1,140.6,4,Happy
E1046,1/12/2024,8,3,7.8,38.9,156.8,5,Neutral
E1028,1/18/2024,7,8,8.2,81.5,175.7,1,Happy
E1028,1/27/2024,5.2,6,8.6,51.4,180.1,3,Happy
E1004,1/4/2024,8,4,6.2,44.5,166.1,6,Neutral
E1016,1/22/2024,6.5,7,7.7,73.8,86,4,Happy
E1020,1/3/2024,10.4,1,5.2,12,118.4,7,Sad
E1040,1/25/2024,5.9,7,8.7,43.1,224.4,3,Happy
E1008,1/5/2024,5.9,8,9.1,83.5,137.8,1,Happy
E1037,1/30/2024,4.9,7,9.7,53.5,183.3,4,Happy
E1011,1/23/2024,6.8,4,6.2,37.8,137.7,5,Neutral
E1038,1/13/2024,6.7,7,7.7,85.2,154.7,1,Happy
E1037,1/24/2024,6.7,5,9.2,90.6,219.5,3,Happy
E1002,1/20/2024,10.2,2,6,10,205.1,10,Sad
E1027,1/30/2024,9.5,2,5.8,15,178.9,8,Sad
E1005,1/2/2024,8.1,5,7.5,23.2,181,5,Neutral
E1029,1/13/2024,11.4,1,5.5,12.2,159,9,Sad
E1007,1/7/2024,7.6,3,6.1,57.1,168,6,Neutral
E1023,1/6/2024,8.3,1,5.5,11.3,214.1,7,Sad
E1032,1/15/2024,6.7,5,8.4,63.9,120.1,4,Happy
E1008,1/20/2024,11,2,5.2,16.3,170,6,Sad
E1035,1/15/2024,10.1,1,5.3,17,159.6,7,Sad
E1023,1/10/2024,6.6,4,7.3,31.8,137.7,4,Neutral
E1017,1/26/2024,7,7,8,74.8,139.9,3,Happy
E1043,1/1/2024,6.7,5,7.2,44.8,74.2,4,Neutral
E1016,1/7/2024,5.6,8,9.9,54.2,160.5,1,Happy
E1006,1/13/2024,5.1,5,8.7,83.1,143.1,3,Happy
E1049,1/25/2024,6.1,3,7.1,41.1,142.9,4,Neutral
E1014,1/28/2024,6.1,4,7.3,21.1,178.9,5,Neutral
E1007,1/22/2024,6.3,6,9.7,51,132.7,1,Happy
E1049,1/28/2024,6.7,3,8.1,33.4,186.8,5,Neutral
E1045,1/9/2024,7.8,5,8.4,57.9,137.9,6,Neutral
E1027,1/27/2024,9.8,2,6,15.1,126.8,10,Sad
E1016,1/28/2024,5.6,5,8.5,40.6,148.1,4,Happy
E1046,1/1/2024,6.1,5,9.3,51.2,128.7,1,Happy
E1043,1/3/2024,5.1,6,9,80.6,90.2,1,Happy
E1046,1/20/2024,5.3,8,9.1,70.3,174.6,2,Happy
E1039,1/18/2024,8.4,1,5.4,10.7,263.9,8,Sad
E1049,1/6/2024,7.1,5,6.4,32.2,170.1,6,Neutral
E1043,1/22/2024,7.1,5,6.7,49.8,219,6,Neutral
E1023,1/22/2024,6.3,3,7.7,22.1,88,4,Neutral
E1039,1/27/2024,5.5,5,7.6,74.3,226,4,Happy
E1046,1/3/2024,6.4,5,6.5,52.8,200.3,5,Neutral
E1016,1/6/2024,7.8,3,6.4,22,136.3,5,Neutral
E1027,1/23/2024,5.8,5,8.4,48.6,130.7,1,Happy
E1033,1/14/2024,9.1,1,5.3,14,169.9,7,Sad
E1026,1/14/2024,7.4,5,7.9,51.3,210.3,4,Neutral
E1045,1/18/2024,6.9,8,7.8,50.7,137.6,3,Happy
E1011,1/15/2024,6.3,4,8.4,27.6,105.6,6,Neutral
E1010,1/14/2024,7.4,5,9,42.6,121.7,4,Neutral
E1039,1/10/2024,9.8,1,5.8,18.7,202.5,9,Sad
E1034,1/17/2024,7.6,4,6.7,58.2,198.5,6,Neutral
E1004,1/18/2024,8.5,1,5.1,17.4,172.7,9,Sad
E1023,1/7/2024,6.6,6,7.8,56.1,100.6,1,Happy
E1005,1/21/2024,6.6,7,8,56.4,224.5,1,Happy
E1020,1/14/2024,6.3,8,8,53,190.5,4,Happy
E1045,1/6/2024,7.4,3,6.3,47.6,141.7,6,Neutral
E1000,1/12/2024,6.1,5,7.9,46,200.6,3,Happy
E1022,1/4/2024,7.9,3,6.3,46.8,257,4,Neutral
E1040,1/1/2024,6.5,3,7.2,30.6,139.1,4,Neutral
E1019,1/22/2024,6,8,8.4,41.1,95.2,4,Happy
E1024,1/4/2024,5.6,6,9.7,84,194.5,2,Happy
E1030,1/3/2024,6,7,9.9,73.8,144.5,1,Happy
E1044,1/18/2024,6.4,8,9.6,74.4,117.3,1,Happy
E1036,1/4/2024,6.6,5,8.6,38.2,91.8,4,Neutral
E1006,1/14/2024,7.7,4,6.8,22.8,78.2,5,Neutral
E1040,1/22/2024,9.9,1,5.7,15.7,115.9,7,Sad
E1002,1/26/2024,6.2,5,8.4,64,64.8,3,Happy
E1042,1/6/2024,6,5,7.1,59.2,158,4,Neutral
E1006,1/17/2024,11.1,2,5.8,19.6,147.7,7,Sad
E1045,1/1/2024,6.6,7,8.3,88.1,52,2,Happy
E1020,1/4/2024,11.8,2,5.7,10.9,171.6,7,Sad
E1028,1/7/2024,9.9,1,5.8,15.6,71.9,8,Sad
E1038,1/4/2024,7,5,9.7,69.7,54.4,2,Happy
E1005,1/27/2024,5.2,6,9.1,66.9,178.7,2,Happy
E1036,1/3/2024,6,5,7.4,52.4,116.1,4,Neutral
E1010,1/7/2024,11.7,1,5.6,18.9,121.2,7,Sad
E1003,1/28/2024,6.2,8,8.8,88.2,107.5,4,Happy
E1012,1/27/2024,7.2,5,8,74.2,278.6,2,Happy
E1033,1/30/2024,6.8,3,6.4,38,156.3,5,Neutral
E1033,1/10/2024,7.7,5,6.4,25.2,107.7,5,Neutral
E1044,1/14/2024,10.6,1,5.2,10.4,182,7,Sad
E1034,1/4/2024,5.8,6,7.1,83.5,191.6,2,Happy
E1038,1/27/2024,6.5,6,9.5,55.6,157.9,1,Happy
E1023,1/2/2024,9.4,1,5.6,16.9,93.7,7,Sad
E1015,1/17/2024,10.4,1,5.7,10.6,190.1,8,Sad
E1034,1/13/2024,8.2,2,5.5,14,184.2,9,Sad
E1021,1/24/2024,7,3,6.2,42.8,184.7,5,Neutral
E1028,1/17/2024,11.7,1,5.5,16.8,112.6,9,Sad
E1024,1/28/2024,5.3,6,8.6,44.4,81.6,4,Happy
E1029,1/28/2024,7.3,4,6.1,30.1,153.2,6,Neutral
E1032,1/29/2024,10.3,2,5.7,15.7,234.8,7,Sad
E1024,1/16/2024,10.4,1,5.1,13.7,142.1,6,Sad
E1038,1/6/2024,8,4,6.5,44.8,148.8,6,Neutral
E1004,1/7/2024,6.4,5,7.8,42.1,101.7,6,Neutral
E1014,1/29/2024,7.4,4,7.9,59.9,228.6,4,Neutral
E1020,1/1/2024,6.6,5,8.2,38,179.5,6,Neutral
E1009,1/12/2024,7.1,5,7.7,38.4,141.9,6,Neutral
E1013,1/18/2024,6,4,6.7,36.8,60.6,4,Neutral
E1040,1/24/2024,5.9,5,9.4,71,130.6,1,Happy
E1010,1/17/2024,7.1,3,7.6,40.6,176.4,4,Neutral
E1024,1/15/2024,8.6,2,5,17.9,147.9,7,Sad
E1035,1/6/2024,6.9,8,8.2,80.2,152.8,4,Happy
E1043,1/8/2024,6,5,7.3,20.3,216.7,5,Neutral
E1020,1/30/2024,5.5,5,9,61,107.3,1,Happy
E1030,1/12/2024,5.1,5,7.7,49.6,182.9,3,Happy
E1040,1/30/2024,12,1,5.7,17.8,166.5,9,Sad
E1014,1/4/2024,6.6,8,9,87.5,142,3,Happy
E1036,1/12/2024,8.1,4,8.4,42,141.6,5,Neutral
E1012,1/5/2024,5.4,6,8,75.1,157.5,2,Happy
E1034,1/24/2024,11.8,2,5.2,12.8,88.4,6,Sad
E1044,1/9/2024,7.4,4,8.4,44.2,99.2,4,Neutral
E1035,1/29/2024,5.7,6,7.9,50.1,78.4,4,Happy
E1014,1/25/2024,6.2,6,7.7,78,115.4,3,Happy
E1023,1/15/2024,10.6,1,5.4,14.7,116.2,8,Sad
E1048,1/1/2024,11.3,2,5.4,13.4,62,7,Sad
E1009,1/3/2024,9.9,2,5.4,14.7,209.6,10,Sad
E1006,1/1/2024,8,4,9,21.8,163.4,4,Neutral
E1017,1/7/2024,6.8,5,9,66.3,207.3,1,Happy
E1030,1/29/2024,5.4,5,9,40.8,181.5,4,Happy
E1009,1/20/2024,5.8,8,7.9,72.5,150.1,4,Happy
E1009,1/18/2024,7.7,5,6.4,53.6,189.2,6,Neutral
E1046,1/13/2024,9.5,2,5.3,11.1,159.2,9,Sad
E1005,1/8/2024,7.3,5,7.2,35.7,65.3,6,Neutral
E1022,1/5/2024,7.8,3,8.7,38,204.5,4,Neutral
E1033,1/28/2024,6.3,7,8.2,47.5,116.2,3,Happy
E1035,1/9/2024,10.9,1,5.7,12,218.3,8,Sad
E1049,1/17/2024,6.2,6,7.6,70.4,124.6,4,Happy
E1001,1/21/2024,7.1,5,8.8,47,73.5,6,Neutral
E1047,1/20/2024,6.2,4,8.6,60.5,114.6,6,Neutral
E1047,1/9/2024,5.5,7,8.4,59.7,186.1,3,Happy
E1029,1/8/2024,6.8,5,7.2,27.6,183.8,6,Neutral
E1019,1/10/2024,8.7,1,5.6,19.5,165.5,10,Sad
E1023,1/26/2024,6.5,4,7.8,49.5,97.7,4,Neutral
E1018,1/11/2024,6.2,3,9.1,35.3,140.4,4,Neutral
E1025,1/1/2024,11.7,2,5.5,11.7,115.6,10,Sad
E1007,1/25/2024,5.7,6,8.8,73.6,109.4,3,Happy
E1020,1/24/2024,6,6,7.7,73.7,222.2,4,Happy
E1004,1/27/2024,11.1,2,5.7,10.3,205.6,8,Sad
E1049,1/18/2024,10.5,1,5.4,19,182.6,10,Sad
E1035,1/2/2024,5.1,7,7.5,62.4,252.5,3,Happy
E1022,1/3/2024,7.3,4,6.2,24.6,131.2,6,Neutral
E1048,1/20/2024,6,5,6.1,50.2,200.5,6,Neutral
